Date,Open,High,Low,Close,Volume,Dividends,Stock Splits,SMA_50,SMA_200,EMA_50,RSI
2024-02-28 00:00:00-05:00,181.6522565198894,182.25939032452453,179.28345207788615,180.5673828125,48953900,0.0,0.0,,,180.5673828125,
2024-02-29 00:00:00-05:00,180.41808835882694,181.71198177710176,178.6862603817135,179.90052795410156,136682600,0.0,0.0,,,180.5412316415824,
2024-03-01 00:00:00-05:00,178.7061901764464,179.6815803178056,176.54639012704013,178.815673828125,73488000,0.0,0.0,,,180.47356270772133,
2024-03-04 00:00:00-05:00,175.3221528407019,176.0686281128373,172.9732433768994,174.277099609375,81510100,0.0,0.0,,,180.23056415484498,
2024-03-05 00:00:00-05:00,169.95748724050745,171.2314705105848,168.82284541599856,169.32049560546875,95132400,0.0,0.0,,,179.80271832937925,
2024-03-06 00:00:00-05:00,170.256065044738,170.43522699407845,167.88724549652,168.32518005371094,68587700,0.0,0.0,,,179.35261878915696,
2024-03-07 00:00:00-05:00,168.35505375316498,169.92763018116116,167.6981670423948,168.2057647705078,71765100,0.0,0.0,,,178.91548725901387,
2024-03-08 00:00:00-05:00,168.20576217934803,172.8836708711805,168.14604658720506,169.92762756347656,76114600,0.0,0.0,,,178.56302217291437,
2024-03-11 00:00:00-04:00,172.12725037151972,173.56048535052068,171.2414336396481,171.93814086914062,60139500,0.0,0.0,,,178.3032229060997,
2024-03-12 00:00:00-04:00,172.3362371923594,173.2121062975323,170.20629520329734,172.41586303710938,59825400,0.0,0.0,,,178.07234604849225,
2024-03-13 00:00:00-04:00,171.9580519129805,172.37607625258147,169.95748841772314,170.3257598876953,52488700,0.0,0.0,,,177.76855835591198,
2024-03-14 00:00:00-04:00,172.0973925529764,173.49080701178275,171.2414336176872,172.1869659423828,72913500,0.0,0.0,,,177.54967237891083,
2024-03-15 00:00:00-04:00,170.3655638276482,171.80874633789062,169.48969463541124,171.80874633789062,121664700,0.0,0.0,,,177.32453802436103,
2024-03-18 00:00:00-04:00,174.7448914522954,176.87483361469177,172.70452267737835,172.90357971191406,75604200,0.0,0.0,,,177.1511671101474,32.57916040886971
2024-03-19 00:00:00-04:00,173.52064400091257,175.77997984762692,172.21680308785983,175.25247192382812,55215200,0.0,0.0,,,177.07670847538978,39.08417070308973
2024-03-20 00:00:00-04:00,174.89417408943874,177.83030700683594,174.2671300256647,177.83030700683594,53423100,0.0,0.0,,,177.10626135897593,46.05761575163741
2024-03-21 00:00:00-04:00,176.2179350177799,176.65586961417029,170.03711298613993,170.5646209716797,106181300,0.0,0.0,,,176.84972644182704,37.28133289615985
2024-03-22 00:00:00-04:00,170.95279171103329,172.23673773536032,169.26078406375387,171.47035217285156,71106600,0.0,0.0,,,176.63877058814174,45.12784109721115
2024-03-25 00:00:00-04:00,169.76839047714014,171.13194711675717,168.65364374159117,170.0470733642578,54288300,0.0,0.0,,,176.38027265779337,51.43759415748112
2024-03-26 00:00:00-04:00,169.20106023000122,170.61438491064948,168.78303590364706,168.9124298095703,57388400,0.0,0.0,,,176.0874160755101,51.155551125165594
2024-03-27 00:00:00-04:00,169.609133760084,172.78414425918754,169.31054062211945,172.49549865722656,60273300,0.0,0.0,,,175.94655656891075,57.428471774491875
2024-03-28 00:00:00-04:00,170.94283813483634,171.4205780589011,169.70866021166748,170.67410278320312,65672700,0.0,0.0,,,175.73979367535358,51.28821987557294
2024-04-01 00:00:00-04:00,170.38547862745995,170.4451942217802,168.68350825393796,169.23092651367188,46240500,0.0,0.0,,,175.48454398273861,45.23474942549482
2024-04-02 00:00:00-04:00,168.28537106183597,168.54414366405445,167.43935975957754,168.04649353027344,49329500,0.0,0.0,,,175.1928557297008,42.49571653274224
2024-04-03 00:00:00-04:00,167.99673277562965,169.8778497555363,167.78772821512752,168.85269165039062,47691700,0.0,0.0,,,174.94422184423766,47.35331935134542
2024-04-04 00:00:00-04:00,169.48968886138192,171.11203328162168,168.026611328125,168.026611328125,53704400,0.0,0.0,,,174.67294300046854,42.236253350775115
2024-04-05 00:00:00-04:00,168.79298281447828,169.5892261323792,168.15599119757314,168.7830352783203,42055200,0.0,0.0,,,174.44196622705098,44.4322334242889
2024-04-08 00:00:00-04:00,168.23561647794648,168.40481571452685,167.4493358859462,167.65834045410156,37425500,0.0,0.0,,,174.17594168693532,40.35856126730541
2024-04-09 00:00:00-04:00,167.90716183961618,169.2806811483862,167.55881583801002,168.8726043701172,42451200,0.0,0.0,,,173.96796767451107,37.76251652938763
2024-04-10 00:00:00-04:00,168.0066808175879,168.2953112001811,166.32462100940634,166.99147033691406,49709300,0.0,0.0,,,173.6943795436249,28.63865295532105
2024-04-11 00:00:00-04:00,167.54885233902874,174.63540094951088,167.36970557110288,174.2173614501953,91070300,0.0,0.0,,,173.71488863800022,57.210187138490674
2024-04-12 00:00:00-04:00,173.44102962389059,177.52176704196785,173.39127675717174,175.72027587890625,101593300,0.0,0.0,,,173.7935312748985,58.19575315547222
2024-04-15 00:00:00-04:00,174.53586805138283,175.7999037342719,171.68930847441092,171.87841796875,73531800,0.0,0.0,,,173.71842879230445,53.230320370136106
2024-04-16 00:00:00-04:00,170.94284143183614,172.94338974194338,167.47920033817573,168.583984375,73711200,0.0,0.0,,,173.51707803084153,49.46167016549797
2024-04-17 00:00:00-04:00,168.81289870293196,169.84800441976404,167.21046447753906,167.21046447753906,50901200,0.0,0.0,,,173.26975985228066,40.66130150762983
2024-04-18 00:00:00-04:00,167.24032724180861,167.847461101441,165.7672868824189,166.25497436523438,43122900,0.0,0.0,,,172.99467022533767,41.94486690111622
2024-04-19 00:00:00-04:00,165.42886837664992,165.6179626751691,163.30887389276177,164.22454833984375,67772100,0.0,0.0,,,172.65074387688693,41.065706262811986
2024-04-22 00:00:00-04:00,164.74211969252124,166.47393259764522,163.9956444231876,165.06060791015625,48116400,0.0,0.0,,,172.35309148603477,44.6043518566006
2024-04-23 00:00:00-04:00,164.57292762929356,166.26493527613894,164.1449405589347,166.11563110351562,49537800,0.0,0.0,,,172.1084851965242,45.09807350922145
2024-04-24 00:00:00-04:00,165.75730653407012,168.50434510258808,165.42887079721268,168.2256622314453,48251800,0.0,0.0,,,171.95621762926623,50.34081533373777
2024-04-25 00:00:00-04:00,168.73327450279362,169.80820075027214,167.3597550998357,169.09158325195312,50558300,0.0,0.0,,,171.84387902623436,50.526322913071475
2024-04-26 00:00:00-04:00,169.081624768213,170.53475474394267,168.38490238817732,168.5043487548828,44838400,0.0,0.0,,,171.71291705480883,51.47008133651085
2024-04-29 00:00:00-04:00,172.555222179483,175.20272483761752,172.28650201133235,172.6846160888672,68169400,0.0,0.0,,,171.75102289928174,56.005020849698525
2024-04-30 00:00:00-04:00,172.51541154910535,174.1676137755898,169.20105955998108,169.52951049804688,65934800,0.0,0.0,,,171.66390476589999,53.84386423290258
2024-05-01 00:00:00-04:00,168.78303163206596,171.89832652202932,168.31523926242042,168.5043487548828,50383100,0.0,0.0,,,171.5400006086052,39.34673915888839
2024-05-02 00:00:00-04:00,171.69925171807526,172.60497864880503,170.08687006909776,172.21681213378906,94214900,0.0,0.0,,,171.5665422370438,43.96433113517987
2024-05-03 00:00:00-04:00,185.7727942523785,186.12115543095717,181.80155578938326,182.51817321777344,163224100,0.0,0.0,,,171.9960179617783,64.99296244357376
2024-05-06 00:00:00-04:00,181.4930249418685,183.3343214775735,179.5720873686165,180.8560333251953,78569700,0.0,0.0,,,172.3434695446574,68.12699382935592
2024-05-07 00:00:00-04:00,182.58785409480518,184.0310366275269,180.46787458450643,181.54278564453125,77305800,0.0,0.0,,,172.7042270387701,71.60861857394801
2024-05-08 00:00:00-04:00,181.9906634485607,182.20963072654146,180.5972339353124,181.8811798095703,45057100,0.0,0.0,171.58898315429687,,173.0641075395858,74.00608638617656
2024-05-09 00:00:00-04:00,181.70204263297254,183.792179594264,181.2541604804327,183.70260620117188,48983000,0.0,0.0,171.6516876220703,,173.48130356553034,80.11697479308816
2024-05-10 00:00:00-04:00,184.28063783698332,184.47000383075684,181.51992740382525,182.4368438720703,50759500,0.25,0.0,171.7024139404297,,173.83250122461035,76.51480543405322
2024-05-13 00:00:00-04:00,184.81883849593646,186.47328168344126,184.00157793065927,185.65602111816406,72044800,0.0,0.0,171.83922088623046,,174.29616867141638,77.96982506505402
2024-05-14 00:00:00-04:00,186.8819036535792,187.66926595480425,185.6659889969534,186.8021697998047,52393600,0.0,0.0,172.08972229003905,,174.78660008821592,77.34468002526413
2024-05-15 00:00:00-04:00,187.28058361009533,190.01139602124525,186.7423838683229,189.0845184326172,70400000,0.0,0.0,172.48500274658204,,175.34730276838852,78.25158296423017
2024-05-16 00:00:00-04:00,189.83199615864385,190.45989075478766,189.02471179656044,189.2041015625,52845200,0.0,0.0,172.90258117675782,,175.8907066426674,79.64213872455983
2024-05-17 00:00:00-04:00,188.87519880271202,190.17084727488813,188.54630236847427,189.23399353027344,41282900,0.0,0.0,173.32314575195312,,176.41397279512253,76.89581016752783
2024-05-20 00:00:00-04:00,188.69582178398366,191.27714266640717,188.37688635675946,190.40008544921875,44361300,0.0,0.0,173.73259490966797,,176.96244780116552,86.26297119162632
2024-05-21 00:00:00-04:00,190.44991454290118,192.08442053272114,190.28048580582154,191.70570373535156,42309400,0.0,0.0,174.1279461669922,,177.54061470054538,89.92364608331714
2024-05-22 00:00:00-04:00,191.625965130265,192.17412585880137,189.63266445026173,190.2605438232422,34648500,0.0,0.0,174.48483978271486,,178.03943545045507,83.6764253574073
2024-05-23 00:00:00-04:00,190.34027016979292,190.36020743395642,186.0048504863481,186.25401306152344,51005900,0.0,0.0,174.8034048461914,,178.36157574892835,59.11401603082874
2024-05-24 00:00:00-04:00,188.1875250894915,189.94162421863646,187.41012383078694,189.3436279296875,36294600,0.0,0.0,175.1465380859375,,178.79224446189932,69.35818079184918
2024-05-28 00:00:00-04:00,190.86848939299406,192.35350378297326,188.46657377923762,189.3535919189453,52280100,0.0,0.0,175.4974349975586,,179.20641495041093,68.38207674888444
2024-05-29 00:00:00-04:00,188.97487295416659,191.6060292626522,188.8752018363686,189.652587890625,53068000,0.0,0.0,175.83241516113281,,179.61606879120365,68.32333532645885
2024-05-30 00:00:00-04:00,190.12102272627732,191.53626445370173,189.99146851693155,190.6492462158203,49947900,0.0,0.0,176.14035064697265,,180.04874241569843,67.0414943195643
2024-05-31 00:00:00-04:00,190.79873376551856,191.92495345858123,189.2738600399137,191.60601806640625,75158300,0.0,0.0,176.41586486816405,,180.50196891180462,72.84007677835002
2024-06-03 00:00:00-04:00,192.25384615761888,194.33685694398167,191.8751293663799,193.38006591796875,50080500,0.0,0.0,176.87217376708983,,181.00699232381106,70.7329899972722
2024-06-04 00:00:00-04:00,193.98802704232938,194.66575720064256,192.38341934135104,193.69900512695312,47471400,0.0,0.0,177.31674682617188,,181.50471831609113,69.37289712015293
2024-06-05 00:00:00-04:00,194.74547082752238,196.24044634116564,194.2172473626493,195.21389770507812,54156800,0.0,0.0,177.8200833129883,,182.04233319409062,67.99291203923104
2024-06-06 00:00:00-04:00,195.03450583879902,195.84179017422778,193.5195930765027,193.82855224609375,41181800,0.0,0.0,178.31840576171874,,182.5045378627966,62.63613105939567
2024-06-07 00:00:00-04:00,193.99796669662618,196.28030430445062,193.48968053965237,196.23046875,53103900,0.0,0.0,178.7931051635742,,183.0428096622948,66.92377820346728
2024-06-10 00:00:00-04:00,196.24045118441725,196.63912045583442,191.5063619410421,192.47311401367188,97262100,0.0,0.0,179.2290853881836,,183.41262551921153,54.45586250054116
2024-06-11 00:00:00-04:00,193.00132161576843,206.46607669963058,192.9813995595946,206.4561004638672,172373300,0.0,0.0,179.9735888671875,,184.31629120331567,70.52133264835626
2024-06-12 00:00:00-04:00,206.67537368785207,219.46239922329934,206.20694681699416,212.35629272460938,198134300,0.0,0.0,180.8597848510742,,185.4158991061115,77.35014307164914
2024-06-13 00:00:00-04:00,214.0207098376566,216.02397164318222,210.89122822700367,213.5223846435547,97862700,0.0,0.0,181.7531787109375,,186.51811422522692,86.30576923389475
2024-06-14 00:00:00-04:00,213.13368913916617,214.44925972841028,210.59222763705992,211.7782440185547,70122700,0.0,0.0,182.6282113647461,,187.50870755045548,80.97993760501183
2024-06-17 00:00:00-04:00,212.65527993528355,218.21659070332575,212.0074632920053,215.94422912597656,93728300,0.0,0.0,183.57143524169922,,188.62382604361318,82.93829546262148
2024-06-18 00:00:00-04:00,216.86113841241473,217.89766325641614,212.28651711595563,213.5721893310547,79943300,0.0,0.0,184.48971221923827,,189.60219323135598,78.18224311666832
2024-06-20 00:00:00-04:00,213.21341001933183,213.5223844137921,208.15043943546107,208.97764587402344,86172500,0.0,0.0,185.2918130493164,,190.36201490361745,69.90691973326845
2024-06-21 00:00:00-04:00,209.6852627905662,211.18023828891836,206.41625091745033,206.79498291015625,246421400,0.0,0.0,186.08788330078124,,191.00644502152093,66.0691904513148
2024-06-24 00:00:00-04:00,207.02420349475855,211.98751777765062,205.89798377862786,207.4427947998047,80727000,0.0,0.0,186.75239196777343,,191.65100775792422,65.24087836038865
2024-06-25 00:00:00-04:00,208.44940858434205,210.67194975002218,207.91122410230182,208.36968994140625,56713900,0.0,0.0,187.40538024902344,,192.3066423533549,65.69296911214556
2024-06-26 00:00:00-04:00,210.79155216910215,214.1402980033581,209.9344322470105,212.5356903076172,66213200,0.0,0.0,188.2185256958008,,193.09993835156126,67.53432025067012
2024-06-27 00:00:00-04:00,213.97086306596705,215.01734896028734,211.6387049296034,213.38284301757812,49772700,0.0,0.0,189.11450286865235,,193.89534637767957,70.01226180675192
2024-06-28 00:00:00-04:00,215.0472324898511,215.34623061165473,209.5955543096767,209.9144744873047,82542700,0.0,0.0,189.96858306884766,,194.5235474800178,63.70532410796457
2024-07-01 00:00:00-04:00,211.37956216985054,216.78140506529675,211.2101334408119,216.02395629882812,60402900,0.0,0.0,190.96396270751953,,195.36670076702998,72.52619202464088
2024-07-02 00:00:00-04:00,215.42595595595571,219.64179766849512,214.3794853085834,219.53216552734375,58046200,0.0,0.0,192.07011505126954,,196.31436605174818,65.64138488422734
2024-07-03 00:00:00-04:00,219.26306558331447,220.80787658691406,218.29631357753755,220.80787658691406,37369800,0.0,0.0,193.18506042480467,,197.27489587665664,61.36726611219358
2024-07-05 00:00:00-04:00,220.90754038733803,225.69146503075916,220.90754038733803,225.5818328857422,60412400,0.0,0.0,194.37438446044922,,198.38497183779725,64.784910833478
2024-07-08 00:00:00-04:00,226.32931907748747,227.08678305881674,222.50218547217585,227.056884765625,59085900,0.0,0.0,195.5510089111328,,199.50936058006502,68.85606171027491
2024-07-09 00:00:00-04:00,227.1664984715379,228.631575647805,225.6117264169712,227.9139862060547,48076100,0.0,0.0,196.72745697021483,,200.62326746735874,66.08622685137716
2024-07-10 00:00:00-04:00,228.53191911989683,232.2992560750062,228.48208356286247,232.1995849609375,62627700,0.0,0.0,198.00136169433594,,201.86155442789124,73.8089062060567
2024-07-11 00:00:00-04:00,230.61492037011672,231.61157070495582,225.01375035477759,226.80772399902344,64710600,0.0,0.0,199.08382385253907,,202.8398355875435,72.33457674261427
2024-07-12 00:00:00-04:00,228.1531925563972,231.86073301422448,227.91399100155513,229.76776123046875,53046500,0.0,0.0,200.2885888671875,,203.89583267157977,78.22677653820656
2024-07-15 00:00:00-04:00,235.68787221439834,236.43535998230433,232.3092281117703,233.61483764648438,62631300,0.0,0.0,201.59079864501953,,205.06128384706622,79.8137970665442
2024-07-16 00:00:00-04:00,234.2128217621178,235.47857190808813,231.55176727169922,234.03343200683594,43234300,0.0,0.0,202.82713104248046,,206.19744651999838,79.57729017064062
2024-07-17 00:00:00-04:00,228.68140979310064,230.68468664215072,225.88082486496336,228.1133270263672,57345900,0.0,0.0,203.73903411865234,,207.0568928143658,67.25545131742987
2024-07-18 00:00:00-04:00,229.50863493701104,229.66810263837593,221.52547133243425,223.42906188964844,66034600,0.0,0.0,204.5904946899414,,207.6989386604553,60.25638908629686
2024-07-19 00:00:00-04:00,224.06692564873424,226.04028896611686,222.5320756847993,223.55862426757812,49151500,0.0,0.0,205.43081146240235,,208.3208871156366,64.94868834551886
2024-07-22 00:00:00-04:00,226.24959507146193,227.01702011468987,222.34272744507626,223.20982360839844,48201800,0.0,0.0,206.2573843383789,,208.90476697809785,59.010281600836336
2024-07-23 00:00:00-04:00,223.61843101438217,226.17982967750157,221.93408951337017,224.25628662109375,39960300,0.0,0.0,207.06845794677736,,209.50678735625456,56.313275496986925
2024-07-24 00:00:00-04:00,223.24968592545983,224.04700927387208,216.40270265661363,217.80796813964844,61777600,0.0,0.0,207.7758804321289,,209.83232385756415,46.477888675183664
2024-07-25 00:00:00-04:00,218.19665359620475,220.11023564894725,213.9010930254534,216.76148986816406,51391200,0.0,0.0,208.3979898071289,,210.10405585797983,38.65092803033278
2024-07-26 00:00:00-04:00,217.96743096801922,218.7547932697213,215.28643906297688,217.22991943359375,41601300,0.0,0.0,209.0065447998047,,210.38350148839606,37.01946294494247
2024-07-29 00:00:00-04:00,216.23326096996,218.5654190781,215.0273073866339,217.50897216796875,36311800,0.0,0.0,209.57503387451172,,210.66293171112443,36.04277168580226
2024-07-30 00:00:00-04:00,218.45578591171193,219.59196666736065,215.3960621319004,218.0670928955078,41643800,0.0,0.0,210.15229370117189,,210.9532909732571,28.93638389354423
2024-07-31 00:00:00-04:00,220.6982497488722,223.07028238181744,219.89096542123676,221.3361053466797,50036300,0.0,0.0,210.7943359375,,211.36046016437172,41.29397346054042
2024-08-01 00:00:00-04:00,223.618417993468,223.72805013234773,216.29304757526307,217.62855529785156,62501000,0.0,0.0,211.33890533447266,,211.60626781666502,31.133795892929896
2024-08-02 00:00:00-04:00,218.41592196270943,224.84432899946665,216.98075820790513,219.12355041503906,105568600,0.0,0.0,211.8872622680664,,211.9010632126797,25.7018616187041
2024-08-05 00:00:00-04:00,198.423121913284,212.7848576409039,195.3434758670593,208.56903076171875,119548600,0.0,0.0,212.25343200683594,,211.77039527342635,18.13418571835014
2024-08-06 00:00:00-04:00,204.612330181792,209.28662299148326,200.39650324752455,206.53585815429688,69660500,0.0,0.0,212.6590689086914,,211.5651193079703,20.08840845739553
2024-08-07 00:00:00-04:00,206.20693999643444,212.92436846093156,205.69865382063958,209.11717224121094,63516400,0.0,0.0,213.05453979492188,,211.46912138378366,28.931905109744832
2024-08-08 00:00:00-04:00,212.39616246807245,213.48250772924823,208.13050007077933,212.59548950195312,47161100,0.0,0.0,213.51937774658202,,211.51329268253542,35.309837142181834
2024-08-09 00:00:00-04:00,211.38955402452135,216.05387055494424,211.259984607228,215.51568603515625,42201600,0.0,0.0,214.03663970947267,,211.67024928459898,40.35482494983674
2024-08-12 00:00:00-04:00,215.59550663031672,219.02793942662467,215.12653755613,217.0522918701172,38028100,0.25,0.0,214.5647006225586,,211.88130977814873,41.07888364970615
2024-08-13 00:00:00-04:00,218.52902632127157,221.40270642093424,218.52902632127157,220.78407287597656,44155300,0.0,0.0,215.14826171875,,212.23043774276942,53.95132849497742
2024-08-14 00:00:00-04:00,220.08562480803565,222.54021400164925,219.21752501736546,221.23309326171875,41960600,0.0,0.0,215.705322265625,,212.58348305723803,56.03258428400334
2024-08-15 00:00:00-04:00,224.10676986474735,224.8551228159093,222.27079905335071,224.22650146484375,46414000,0.0,0.0,216.3158721923828,,213.04007201439904,58.8369543682532
2024-08-16 00:00:00-04:00,223.42826155403992,226.33187474025672,223.15885022096822,225.5535888671875,44340200,0.0,0.0,216.922666015625,,213.5307981654888,59.89860543990339
2024-08-19 00:00:00-04:00,225.2243113108782,225.4937226434457,222.5501887780633,225.39393615722656,40687800,0.0,0.0,217.55397369384767,,213.996019263204,59.10469224269875
2024-08-20 00:00:00-04:00,225.27420804373648,226.6711275207631,224.95490346311303,226.0125732421875,30299000,0.0,0.0,218.14961578369142,,214.46725667414455,56.22098095485928
2024-08-21 00:00:00-04:00,226.02254833732334,227.47933353511345,224.5557753561492,225.90280151367188,34765500,0.0,0.0,218.8182095336914,,214.91570941294955,62.17213348423704
2024-08-22 00:00:00-04:00,227.28976176117078,227.8385569948794,223.4083048904395,224.03692626953125,43695300,0.0,0.0,219.1698260498047,,215.27340419163903,57.14998168111823
2024-08-23 00:00:00-04:00,225.16444130741013,227.7188169640382,223.83736023691762,226.3418426513672,38677300,0.0,0.0,219.44953704833983,,215.70746060182444,84.03480976594984
2024-08-26 00:00:00-04:00,226.2620154817008,226.7808777924977,223.39832305195915,226.68109130859375,30602200,0.0,0.0,219.71271118164063,,216.13779906091344,91.25444655262494
2024-08-27 00:00:00-04:00,225.5036798955901,228.3474270817302,224.39611696496783,227.5292205810547,35934600,0.0,0.0,220.02773071289062,,216.58452147346802,90.58619738585834
2024-08-28 00:00:00-04:00,227.4194670399241,229.35520907583674,225.18438078371824,225.99261474609375,38052200,0.0,0.0,220.22869842529298,,216.95346630768864,82.2963367317061
2024-08-29 00:00:00-04:00,229.59470189609323,232.4085012026452,228.37737982242845,229.28536987304688,51906300,0.0,0.0,220.54296203613282,,217.43707036907526,82.60872707404961
2024-08-30 00:00:00-04:00,229.6844899472923,229.89402024722435,226.98043458769098,228.49710083007812,52990800,0.0,0.0,220.9333511352539,,217.87079705382047,78.09899366950611
2024-09-03 00:00:00-04:00,228.04808224732741,228.49709095305272,220.68428466242796,222.28077697753906,50190600,0.0,0.0,221.24306701660157,,218.0437374429859,53.275106545805684
2024-09-04 00:00:00-04:00,221.17322424578342,221.29295584608857,217.0023958735564,220.36500549316406,43840200,0.0,0.0,221.50151123046874,,218.13476756260076,48.215019675540276
2024-09-05 00:00:00-04:00,221.14327916881817,224.98481497811864,221.03352013282222,221.89163208007812,36615400,0.0,0.0,221.77195007324218,,218.282095582894,44.89080292438744
2024-09-06 00:00:00-04:00,223.4581991238727,224.74537478911404,219.28738577978086,220.3350830078125,48423000,0.0,0.0,221.9279379272461,,218.36260489367513,38.694319523653995
2024-09-09 00:00:00-04:00,220.33506702469683,220.7840757397734,216.23409233980902,220.42486572265625,67180000,0.0,0.0,222.06877838134767,,218.44347786736068,39.20202130728447
2024-09-10 00:00:00-04:00,218.4392435287618,220.99361925876318,216.25405039598212,219.6266326904297,51591000,0.0,0.0,222.26302154541017,,218.48987609571634,36.23058422522793
2024-09-11 00:00:00-04:00,220.9736588702828,222.6000688776049,217.4114916314568,222.1710205078125,44587100,0.0,0.0,222.38596282958986,,218.6342347001123,42.71804247108845
2024-09-12 00:00:00-04:00,222.01136566399225,223.059062794204,219.33725854525207,222.28077697753906,37498200,0.0,0.0,222.44093505859374,,218.7772363580506,46.32102244575561
2024-09-13 00:00:00-04:00,223.08901316997165,223.5479944694599,221.42268236911949,222.01138305664062,36766600,0.0,0.0,222.46500518798828,,218.90406564034825,40.08223538218206
2024-09-16 00:00:00-04:00,216.0644583037111,216.74297289953918,213.4502168549942,215.84495544433594,59357400,0.0,0.0,222.27026763916015,,218.7841005346223,30.411202094600142
2024-09-17 00:00:00-04:00,215.27619443719672,216.42366284814068,214.02893954474482,216.31390380859375,45519300,0.0,0.0,222.05540802001954,,218.68723007477806,29.443940103288327
2024-09-18 00:00:00-04:00,217.07224903728172,222.22092099435915,217.06226125375574,220.20535278320312,59894900,0.0,0.0,221.9012353515625,,218.74676429863788,40.23565781628288
2024-09-19 00:00:00-04:00,224.49591687958383,229.31531179988679,224.1367068474718,228.3673858642578,66781300,0.0,0.0,221.8245913696289,,219.124043575721,48.66974077623404
2024-09-20 00:00:00-04:00,229.46496974860833,232.57811312113958,227.12012443578536,227.6988525390625,318679900,0.0,0.0,221.84241394042968,,219.46031059389125,48.8392227936047
2024-09-23 00:00:00-04:00,226.8407407931877,228.94610768522742,225.31410200503296,225.97265625,54146000,0.0,0.0,221.7665118408203,,219.7156966980524,56.17493194714617
2024-09-24 00:00:00-04:00,228.14786961487798,228.8463445678705,225.2342838755063,226.8706817626953,43556100,0.0,0.0,221.63162872314453,,219.99628434764625,61.2647164507197
2024-09-25 00:00:00-04:00,224.43603888049125,226.79085685048213,223.52804884217394,225.8728790283203,42308700,0.0,0.0,221.46841766357423,,220.22673904100603,57.02221411219717
2024-09-26 00:00:00-04:00,226.80083714120576,227.99819881641105,224.9149883158055,227.02035522460938,36636700,0.0,0.0,221.44655822753907,,220.49315536193166,61.96428785990407
2024-09-27 00:00:00-04:00,227.9582911728241,229.01596089620384,226.80083496693393,227.2897491455078,34026000,0.0,0.0,221.52377197265625,,220.75968845148367,62.20725059625722
2024-09-30 00:00:00-04:00,229.53482055042815,232.4883270263672,229.14567760776433,232.4883270263672,54541900,0.0,0.0,221.70236602783203,,221.21963506226342,69.77602450535538
2024-10-01 00:00:00-04:00,229.01597026460064,229.14567442683443,223.24866456606327,225.71324157714844,63285000,0.0,0.0,221.75243438720702,,221.39585492559223,54.819466456623076
2024-10-02 00:00:00-04:00,225.39393750024195,226.8706831083472,222.5302449869956,226.281982421875,32880600,0.0,0.0,221.79294830322266,,221.5874677685837,55.37679585018304
2024-10-03 00:00:00-04:00,224.64557310138042,226.3119038145279,222.82957789090332,225.17440795898438,34044200,0.0,0.0,221.94027709960938,,221.7281320897759,54.15681398893078
2024-10-04 00:00:00-04:00,227.39951613756347,227.49930262356304,223.63780617480538,226.30194091796875,37245100,0.0,0.0,222.13108612060546,,221.9074971418619,65.84037970183587
2024-10-07 00:00:00-04:00,224.0069821228032,225.1943712346882,220.84394549402703,221.20315551757812,39505400,0.0,0.0,222.21055084228516,,221.87987590169394,56.495237153124634
2024-10-08 00:00:00-04:00,223.80742742544692,225.4837307412941,222.75973024040246,225.27420043945312,31855700,0.0,0.0,222.36585540771483,,222.01298666788057,56.70184581590583
2024-10-09 00:00:00-04:00,224.73538646570117,229.24546472466872,224.33627096325682,229.03591918945312,33591100,0.0,0.0,222.58523193359375,,222.2883957863736,51.00030456857428
2024-10-10 00:00:00-04:00,227.27979028338342,228.99601435408132,226.67112924406288,228.53701782226562,28183500,0.0,0.0,222.72925018310548,,222.53343978778113,51.260518086013555
2024-10-11 00:00:00-04:00,228.79644988971887,228.9062089337624,226.84074743911052,227.05029296875,31759200,0.0,0.0,222.91768493652344,,222.71057128507402,51.63241757936955
2024-10-14 00:00:00-04:00,228.19775690140833,231.22110160659443,228.09798564307096,230.79205322265625,39882100,0.0,0.0,223.15105499267577,,223.02749214537138,55.468966465336386
2024-10-15 00:00:00-04:00,233.0969778733182,236.9684620133565,231.85969551276995,233.33645629882812,64751400,0.0,0.0,223.64640350341796,,223.4317652494285,59.978652713679935
2024-10-16 00:00:00-04:00,231.09139869260778,231.61024577942743,229.33525401328018,231.27099609375,34082200,0.0,0.0,224.14110626220702,,223.73918606685288,55.54686510626198
2024-10-17 00:00:00-04:00,232.9173703418766,233.3364614020046,230.0137723986246,231.6401824951172,32993800,0.0,0.0,224.59156646728516,,224.0490290640397,55.66234164469466
2024-10-18 00:00:00-04:00,235.66131853389138,235.66131853389138,233.4960858911256,234.48391723632812,46431500,0.0,0.0,225.02933502197266,,224.45824036491376,52.7669911745204
2024-10-21 00:00:00-04:00,233.9351372634737,236.32987592195377,233.9351372634737,235.96067810058594,36254500,0.0,0.0,225.43823486328125,,224.90931635454797,66.65582032102537
2024-10-22 00:00:00-04:00,233.376366009758,235.70125104779564,232.08920560922664,235.342041015625,38846600,0.0,0.0,225.8040298461914,,225.31844281184513,64.70205169092412
2024-10-23 00:00:00-04:00,233.56595129753524,234.62362105235994,227.25982300232985,230.25323486328125,52287000,0.0,0.0,225.9934130859375,,225.5119640687642,57.298537336682706
2024-10-24 00:00:00-04:00,229.47495899723685,230.3131259260407,227.90841463888628,230.0636749267578,31109500,0.0,0.0,226.17002471923828,,225.69046253378355,55.55557558682738
2024-10-25 00:00:00-04:00,229.23547896644118,232.7078323586645,229.0658541264054,230.9018096923828,38802300,0.0,0.0,226.30353088378905,,225.89482908902275,66.38572187961292
2024-10-28 00:00:00-04:00,232.80762499530724,234.21451699403664,232.03931169048735,232.88743591308594,36087100,0.0,0.0,226.45020782470704,,226.16904896447622,63.83750902040484
2024-10-29 00:00:00-04:00,232.58810476348472,233.815399347975,231.8098189074392,233.15684509277344,35417200,0.0,0.0,226.60546600341797,,226.44308018519376,58.57914783177731
2024-10-30 00:00:00-04:00,232.09916306464564,232.95727501758805,229.04588560251634,229.5946807861328,47070900,0.0,0.0,226.6771081542969,,226.56667236562276,51.952822358667945
2024-10-31 00:00:00-04:00,228.83635490362704,229.325284321648,224.8750719925984,225.4138946533203,64370100,0.0,0.0,226.66733001708985,,226.5214653965129,47.252007254661905
2024-11-01 00:00:00-04:00,220.48472918772245,224.8551151455125,219.78626950218685,222.42047119140625,65276700,0.0,0.0,226.63500091552734,,226.36064209435187,35.57921287062611
2024-11-04 00:00:00-05:00,220.5046966292777,222.3007315284092,219.2275088130919,221.52244567871094,44944500,0.0,0.0,226.5386129760742,,226.17090890158164,28.425614300833104
2024-11-05 00:00:00-05:00,221.31291912362707,223.45819152571042,220.65436486265338,222.95928955078125,28111300,0.0,0.0,226.46417694091798,,226.0449630446875,34.464737958885664
2024-11-06 00:00:00-05:00,222.12113695305962,225.5735453041769,220.7042571772517,222.23089599609375,54561100,0.0,0.0,226.35821044921875,,225.89539178787993,32.646292201107556
2024-11-07 00:00:00-05:00,224.13670611072257,227.37956894750107,224.0768403097807,226.98043823242188,42137700,0.0,0.0,226.3779669189453,,225.93794262884236,37.070151451409345
2024-11-08 00:00:00-05:00,226.92049995960826,228.4088689967903,226.16134014604208,226.7107391357422,38328800,0.25,0.0,226.32647430419922,,225.968248374211,33.36883413607946
2024-11-11 00:00:00-05:00,224.7528927426808,225.45212091614073,221.25673663335022,223.98373413085938,42005600,0.0,0.0,226.23620697021485,,225.8904242862364,31.01723494237679
2024-11-12 00:00:00-05:00,224.30339000560164,225.34224111445195,223.11469448970428,223.98373413085938,40398300,0.0,0.0,226.27026611328125,,225.81565212328044,37.37444443351885
2024-11-13 00:00:00-05:00,223.76397540644066,226.4010754152989,222.5153482196322,224.8727569580078,48566200,0.0,0.0,226.36042114257813,,225.77867584228937,39.83292369193692
2024-11-14 00:00:00-05:00,224.77287777547028,228.61864039722624,224.7528954725484,227.9693603515625,44923900,0.0,0.0,226.4819757080078,,225.86458503873146,44.72325659424751
2024-11-15 00:00:00-05:00,226.15134020310103,226.67077335813082,224.023689933323,224.7528839111328,47923700,0.0,0.0,226.57033172607422,,225.82098891608052,35.983317943464854
2024-11-18 00:00:00-05:00,225.00261496304853,229.4876892234719,224.92270099550518,227.7695770263672,44686000,0.0,0.0,226.71722595214842,,225.89740413609178,41.520033818026356
2024-11-19 00:00:00-05:00,226.73070634208972,229.90722171238716,226.41106572007726,228.02928161621094,36211800,0.0,0.0,226.88527893066407,,225.98100717452783,47.25004020800944
2024-11-20 00:00:00-05:00,227.80951934283004,229.67746064503265,225.64190448211673,228.7484893798828,35169600,0.0,0.0,227.01682830810546,,226.08953588846333,56.66901849439894
2024-11-21 00:00:00-05:00,228.6286329426038,229.90722593821596,225.46211628612434,228.26902770996094,42108300,0.0,0.0,227.1365933227539,,226.17500615597305,63.00449145578403
2024-11-22 00:00:00-05:00,227.80952873867182,230.46661102927646,227.80952873867182,229.61753845214844,38168300,0.0,0.0,227.28871643066407,,226.31000742248972,67.6462370527072
2024-11-25 00:00:00-05:00,231.2058026888721,232.99383009111634,229.48769048234254,232.61424255371094,90152800,0.0,0.0,227.62410217285156,,226.55723232959645,69.70637901082384
2024-11-26 00:00:00-05:00,233.07373841155265,235.31128373473052,233.07373841155265,234.8018341064453,45986200,0.0,0.0,227.9938607788086,,226.8805500463356,74.21565405713002
2024-11-27 00:00:00-05:00,234.21249554010248,235.43115689965902,233.55321672420507,234.67198181152344,33498400,0.0,0.0,228.283193359375,,227.18609639006846,68.0243522363766
2024-11-29 00:00:00-05:00,234.55211454995276,237.5488197625333,233.71304074851764,237.06935119628906,28481400,0.0,0.0,228.4572326660156,,227.57367500992027,72.07322386603805
2024-12-02 00:00:00-05:00,237.00941446483552,240.52553753151284,236.89953466637493,239.3268585205078,48137100,0.0,0.0,228.68979278564453,,228.0345841671982,83.36229852931125
2024-12-03 00:00:00-05:00,239.54662188503684,242.49337894569658,238.6376176509325,242.3834991455078,38861000,0.0,0.0,229.01800964355468,,228.5972867153672,85.31442317435531
2024-12-04 00:00:00-05:00,242.60325739533934,243.84190102311462,240.9850414761411,242.74310302734375,44383900,0.0,0.0,229.33545806884766,,229.1520246099545,85.00979011781024
2024-12-05 00:00:00-05:00,243.72204013219255,244.2714238935446,241.86408229295347,242.7730712890625,40033900,0.0,0.0,229.6734619140625,,229.68618330325288,82.96263327059111
2024-12-06 00:00:00-05:00,242.6432183998472,244.3613305629988,241.8141281502541,242.5732879638672,36870600,0.0,0.0,229.98452056884764,,230.19155995661032,95.83767685457892
2024-12-09 00:00:00-05:00,241.56440918324205,246.96847124510987,241.48449521514058,246.47900390625,44649200,0.0,0.0,230.3683056640625,,230.83028324875306,96.01971489073263
2024-12-10 00:00:00-05:00,246.61884065291167,247.93739821602466,245.0705399660552,247.4978790283203,36914800,0.0,0.0,230.66849670410156,,231.48391445579492,96.16301384137128
2024-12-11 00:00:00-05:00,247.68767076725757,250.52454792031958,245.98952569372008,246.2192840576172,45205800,0.0,0.0,231.07861755371093,207.66935485839844,232.06177208723895,90.3553775401733
2024-12-12 00:00:00-05:00,246.61885092340057,248.46682524629017,245.41017310687806,247.68768310546875,32777500,0.0,0.0,231.50673156738281,208.0049563598633,232.67455291148326,92.89497544517212
2024-12-13 00:00:00-05:00,247.54782582286595,249.01619729452798,245.96955931284188,247.85748291015625,33155300,0.0,0.0,231.96039306640625,208.34474113464356,233.26996193103906,92.5046598305891
2024-12-16 00:00:00-05:00,247.71764416028498,251.10392039685559,247.3780059899919,250.7642822265625,51694800,0.0,0.0,232.44963989257812,208.70448417663573,233.9560137073341,92.47312135116316
2024-12-17 00:00:00-05:00,249.80533943156328,253.5512208135588,249.50566587259755,253.20159912109375,51356400,0.0,0.0,233.08960876464843,209.09910667419433,234.71074254708938,92.56007697080629
2024-12-18 00:00:00-05:00,251.88305927654196,254.0007260278641,247.46791553993853,247.77757263183594,56774100,0.0,0.0,233.5396762084961,209.49139205932616,235.22316725629514,74.35041959628033
2024-12-19 00:00:00-05:00,247.22817727073837,251.72323503929724,246.81862390484895,249.51565551757812,60882300,0.0,0.0,233.9492709350586,209.8973444366455,235.78365699203175,73.70624037647212
2024-12-20 00:00:00-05:00,247.76758181309805,254.71994465608725,245.42017186050566,254.21051025390625,147495300,0.0,0.0,234.4627407836914,210.3273681640625,236.50627868857583,75.94013595890065
2024-12-23 00:00:00-05:00,254.49020366493687,255.36922684225433,253.17164603591402,254.98965454101562,40858800,0.0,0.0,235.0215280151367,210.7526782989502,237.23111695729895,73.86538207108683
2024-12-24 00:00:00-05:00,255.2094124344067,257.92641115938613,255.0096198916901,257.91644287109375,23234700,0.0,0.0,235.56401580810547,211.18256980895995,238.04230620882032,76.18065706498616
2024-12-26 00:00:00-05:00,257.90642916266114,259.81433504408284,257.34704665632455,258.7355041503906,27237100,0.0,0.0,236.07199676513673,211.61416801452637,238.85380416731329,76.8120785759468
2024-12-27 00:00:00-05:00,257.54682582842287,258.41589596104086,252.78207543596488,255.30929565429688,42355300,0.0,0.0,236.55276275634765,212.03908569335937,239.4991175589597,69.30068497363654
2024-12-30 00:00:00-05:00,251.95298524244893,253.22159473829512,250.47461491371794,251.9230194091797,35557500,0.0,0.0,236.9584194946289,212.43776596069335,239.98632939622323,58.38205533139964
2024-12-31 00:00:00-05:00,252.16275955239965,253.00183336212825,249.15605553782555,250.1449737548828,39480700,0.0,0.0,237.271640625,212.8294470977783,240.38470760636676,53.98258205753578
2025-01-02 00:00:00-05:00,248.65660659999048,248.826433311358,241.55442975303322,243.5821990966797,55740700,0.0,0.0,237.42407104492187,213.18284019470215,240.5100994295163,46.57677729324071
2025-01-03 00:00:00-05:00,243.0927276611328,243.91181916074598,241.624340886356,243.0927276611328,40244100,0.0,0.0,237.57908477783204,213.52204147338867,240.61137896801105,43.87970081292353
2025-01-06 00:00:00-05:00,244.04168187374515,247.05836939894766,242.93290033169586,244.73092651367188,45045600,0.0,0.0,237.86863861083984,213.85654457092286,240.77292985215462,45.99231878377353
2025-01-07 00:00:00-05:00,242.71314361950866,245.28032844029428,241.08494412707995,241.94400024414062,40856000,0.0,0.0,238.1062451171875,214.21344146728515,240.8188541812521,38.6591380846063
2025-01-08 00:00:00-05:00,241.65429905026372,243.44234164075266,239.78635773622742,242.43344116210938,37628900,0.0,0.0,238.33687774658202,214.56825691223145,240.8821713177563,35.42452374244792
2025-01-10 00:00:00-05:00,239.7463920626497,239.8962364632009,232.74409661721964,236.58987426757812,61710900,0.0,0.0,238.41092651367188,214.90097091674804,240.7138459432395,35.02670575150846
2025-01-13 00:00:00-05:00,233.27352322575203,234.41227060505477,229.46771001708314,234.14256286621094,49630700,0.0,0.0,238.43064086914063,215.22712158203126,240.45614856766977,29.808415727089923
2025-01-14 00:00:00-05:00,234.49217517741417,235.8606656353981,232.21468051006943,233.02378845214844,39435300,0.0,0.0,238.49922302246094,215.52976303100587,240.16468346510032,19.28747466784519
2025-01-15 00:00:00-05:00,234.38230107288462,238.6975638581554,234.17252500331003,237.60874938964844,39832000,0.0,0.0,238.7431201171875,215.8644362640381,240.06445075625908,27.308223285130595
2025-01-16 00:00:00-05:00,237.089336348529,237.74859991927732,227.7795647267042,228.00930786132812,71759100,0.0,0.0,238.85489685058593,216.15832817077637,239.5917000544971,16.748021161895565
2025-01-17 00:00:00-05:00,231.86506609768284,232.03487756376998,228.22906438809179,229.7274169921875,68488300,0.0,0.0,239.01899627685546,216.46673278808595,239.20486542460262,18.379769961385236
2025-01-21 00:00:00-05:00,223.75398423747347,224.17352112887505,219.13906319002535,222.39547729492188,98070400,0.0,0.0,239.00772003173827,216.73444671630858,238.54567373324258,16.93755805362852
2025-01-22 00:00:00-05:00,219.54859611049605,223.87384226456615,219.54859611049605,223.58416748046875,64126500,0.0,0.0,239.03478546142577,217.01223449707032,237.9589479978397,20.218316004655478
2025-01-23 00:00:00-05:00,224.493183388126,226.78066167492807,222.05586069453574,223.41436767578125,60234800,0.0,0.0,238.96346405029297,217.2853911590576,237.38857229893543,20.92565650651204
2025-01-24 00:00:00-05:00,224.53312753788666,225.38220009721186,221.16683361690275,222.5353240966797,54697900,0.0,0.0,238.8799557495117,217.5597760772705,236.80609197727833,23.87796657932354
2025-01-27 00:00:00-05:00,223.77396171163917,231.89502211760887,223.73399710835045,229.6075439453125,94863400,0.0,0.0,238.99243194580077,217.86345077514648,236.5237959760248,35.61378565807898
2025-01-28 00:00:00-05:00,230.59647127201654,239.9262098046868,230.55650666713984,237.99832153320312,75707600,0.0,0.0,239.27272369384767,218.21848503112793,236.58162050767885,43.72204481025899
2025-01-29 00:00:00-05:00,233.86287156365174,239.5965730646729,233.75299176206667,239.0971221923828,45486100,0.0,0.0,239.55721099853517,218.54288383483888,236.68026763256918,47.259079181765216
2025-01-30 00:00:00-05:00,238.40787147181928,240.52553823889048,236.94948349745044,237.3290557861328,55658300,0.0,0.0,239.74440490722657,218.850927734375,236.70571030525795,45.203682308419566
2025-01-31 00:00:00-05:00,246.91852728753366,246.91852728753366,233.18362815459494,235.74081420898438,101075100,0.0,0.0,239.9641635131836,219.17023971557617,236.66787124265898,49.13283663592229
2025-02-03 00:00:00-05:00,229.73741895869952,231.5753945205246,225.45212191586603,227.75958251953125,73063300,0.0,0.0,239.96396362304688,219.46611770629883,236.31852658685006,44.142990476505176
2025-02-04 00:00:00-05:00,227.00041910872287,232.87396618357337,226.40107197135944,232.54432678222656,45067300,0.0,0.0,240.05426452636718,219.79278701782226,236.17051875137463,49.587780178814874
2025-02-05 00:00:00-05:00,228.27901582634638,232.4144684638066,228.0193068583431,232.21469116210938,39620300,0.0,0.0,240.12358856201172,220.12258560180663,236.01538825767798,44.99630425323693
2025-02-06 00:00:00-05:00,231.0359788855247,233.54323203112875,230.17692277145878,232.9638671875,29925300,0.0,0.0,240.2174853515625,220.46628219604492,235.89572076472984,55.49889785627287
2025-02-07 00:00:00-05:00,232.3445476829273,233.74300400322835,227.0104008794231,227.3800048828125,39707200,0.0,0.0,240.17273468017578,220.7778791809082,235.56177112230174,47.60057945444688
2025-02-10 00:00:00-05:00,229.57000732421875,230.58999633789062,227.1999969482422,227.64999389648438,33115600,0.25,0.0,240.07344970703124,221.08555099487305,235.25150534874027,56.277155862895654
2025-02-11 00:00:00-05:00,228.1999969482422,235.22999572753906,228.1300048828125,232.6199951171875,53718400,0.0,0.0,240.0298129272461,221.40752265930175,235.14830886907154,59.89997906896342
2025-02-12 00:00:00-05:00,231.1999969482422,236.9600067138672,230.67999267578125,236.8699951171875,45243300,0.0,0.0,240.0737731933594,221.74641471862793,235.21582597684082,63.53254921314823
2025-02-13 00:00:00-05:00,236.91000366210938,242.33999633789062,235.57000732421875,241.52999877929688,53614100,0.0,0.0,240.16298614501954,222.11154296875,235.46344059654498,67.75311091417679
2025-02-14 00:00:00-05:00,241.25,245.5500030517578,240.99000549316406,244.60000610351562,40896200,0.0,0.0,240.2684490966797,222.47111991882323,235.82173728309286,65.14557258220154
2025-02-18 00:00:00-05:00,244.14999389648438,245.17999267578125,241.83999633789062,244.47000122070312,48822500,0.0,0.0,240.3101791381836,222.84582237243652,236.16088488848936,57.84754889915835
2025-02-19 00:00:00-05:00,244.66000366210938,246.00999450683594,243.16000366210938,244.8699951171875,32204200,0.0,0.0,240.35271697998047,223.22765060424805,236.50241862294814,57.12085718835203
2025-02-20 00:00:00-05:00,244.94000244140625,246.77999877929688,244.2899932861328,245.8300018310547,32316900,0.0,0.0,240.4138555908203,223.5957165527344,236.86820619973665,60.69923204618938
2025-02-21 00:00:00-05:00,245.9499969482422,248.69000244140625,245.22000122070312,245.5500030517578,53197400,0.0,0.0,240.47338989257813,223.9108757019043,237.20866882138452,62.7661792712303
2025-02-24 00:00:00-05:00,244.92999267578125,248.86000061035156,244.4199981689453,247.10000610351562,51326400,0.0,0.0,240.48580993652342,224.2420955657959,237.59656440107597,80.23129014161906
2025-02-25 00:00:00-05:00,248.0,250.0,244.91000366210938,247.0399932861328,48013300,0.0,0.0,240.4766522216797,224.5695816040039,237.966894945588,76.58516763978938
2025-02-26 00:00:00-05:00,244.3300018310547,244.97999572753906,239.1300048828125,240.36000061035156,44433600,0.0,0.0,240.35946655273438,224.8619757080078,238.0607422265591,62.11628946848762
2025-02-27 00:00:00-05:00,239.41000366210938,242.4600067138672,237.05999755859375,237.3000030517578,41078200,0.0,0.0,240.15171295166016,225.12996269226073,238.03090931774338,56.03517298296271
