Date,Open,High,Low,Close,Volume,Dividends,Stock Splits,SMA_50,SMA_200,EMA_50,RSI,EMA_12,EMA_26,MACD,Signal_Line,SMA_20,StdDev,Upper_Band,Lower_Band
2024-02-28 00:00:00-05:00,181.6522565198894,182.25939032452453,179.28345207788615,180.5673828125,48953900,0.0,0.0,,,180.5673828125,,180.5673828125,180.5673828125,0.0,0.0,,,,
2024-02-29 00:00:00-05:00,180.41808835882694,181.71198177710176,178.6862603817135,179.90052795410156,136682600,0.0,0.0,,,180.5412316415824,,180.46478975736179,180.51798615632234,-0.053196398960551505,-0.010639279792110302,,,,
2024-03-01 00:00:00-05:00,178.7061901764464,179.6815803178056,176.54639012704013,178.815673828125,73488000,0.0,0.0,,,180.47356270772133,,180.21107961440228,180.39188894682624,-0.18080933242396213,-0.04467329031848067,,,,
2024-03-04 00:00:00-05:00,175.3221528407019,176.0686281128373,172.9732433768994,174.277099609375,81510100,0.0,0.0,,,180.23056415484498,,179.29815961362885,179.9389415884965,-0.6407819748676502,-0.1638950272283146,,,,
2024-03-05 00:00:00-05:00,169.95748724050745,171.2314705105848,168.82284541599856,169.32049560546875,95132400,0.0,0.0,,,179.80271832937925,,177.7631343816042,179.15239003419816,-1.3892556525939597,-0.40896715230144365,,,,
2024-03-06 00:00:00-05:00,170.256065044738,170.43522699407845,167.88724549652,168.32518005371094,68587700,0.0,0.0,,,179.35261878915696,,176.31114140808216,178.350374480088,-2.0392330720058283,-0.7350203362423207,,,,
2024-03-07 00:00:00-05:00,168.35505375316498,169.92763018116116,167.6981670423948,168.2057647705078,71765100,0.0,0.0,,,178.91548725901387,,175.06416038691688,177.59892190900797,-2.534761522091088,-1.0949685734120742,,,,
2024-03-08 00:00:00-05:00,168.20576217934803,172.8836708711805,168.14604658720506,169.92762756347656,76114600,0.0,0.0,,,178.56302217291437,,174.27392456792606,177.03067788341306,-2.7567533154870034,-1.42732552182706,,,,
2024-03-11 00:00:00-04:00,172.12725037151972,173.56048535052068,171.2414336396481,171.93814086914062,60139500,0.0,0.0,,,178.3032229060997,,173.91457322965138,176.65345291939286,-2.7388796897414807,-1.6896363554099443,,,,
2024-03-12 00:00:00-04:00,172.3362371923594,173.2121062975323,170.20629520329734,172.41586303710938,59825400,0.0,0.0,,,178.07234604849225,,173.68400243079876,176.33955737255704,-2.6555549417582824,-1.882820072679612,,,,
2024-03-13 00:00:00-04:00,171.9580519129805,172.37607625258147,169.95748841772314,170.3257598876953,52488700,0.0,0.0,,,177.76855835591198,,173.1673497318598,175.8940908921969,-2.726741160337127,-2.051604290211115,,,,
2024-03-14 00:00:00-04:00,172.0973925529764,173.49080701178275,171.2414336176872,172.1869659423828,72913500,0.0,0.0,,,177.54967237891083,,173.01652145655564,175.61948904406253,-2.602967587506896,-2.161876949670271,,,,
2024-03-15 00:00:00-04:00,170.3655638276482,171.80874633789062,169.48969463541124,171.80874633789062,121664700,0.0,0.0,,,177.32453802436103,,172.83070989983793,175.33721180656832,-2.506501906730392,-2.2308019410822957,,,,
2024-03-18 00:00:00-04:00,174.7448914522954,176.87483361469177,172.70452267737835,172.90357971191406,75604200,0.0,0.0,,,177.1511671101474,32.57916040886971,172.84192064015733,175.15694276251983,-2.3150221223625067,-2.2476459773383377,,,,
2024-03-19 00:00:00-04:00,173.52064400091257,175.77997984762692,172.21680308785983,175.25247192382812,55215200,0.0,0.0,,,177.07670847538978,39.08417070308973,173.21277468379898,175.1640189966908,-1.9512443128918164,-2.188365644449034,,,,
2024-03-20 00:00:00-04:00,174.89417408943874,177.83030700683594,174.2671300256647,177.83030700683594,53423100,0.0,0.0,,,177.10626135897593,46.05761575163741,173.9231642719585,175.3615218122571,-1.4383575402985969,-2.0383640236189464,,,,
2024-03-21 00:00:00-04:00,176.2179350177799,176.65586961417029,170.03711298613993,170.5646209716797,106181300,0.0,0.0,,,176.84972644182704,37.28133289615985,173.40646530268484,175.0061958240662,-1.5997305213813604,-1.9506373231714293,,,,
2024-03-22 00:00:00-04:00,170.95279171103329,172.23673773536032,169.26078406375387,171.47035217285156,71106600,0.0,0.0,,,176.63877058814174,45.12784109721115,173.10860174424894,174.7442814795318,-1.6356797352828494,-1.8876458055937135,,,,
2024-03-25 00:00:00-04:00,169.76839047714014,171.13194711675717,168.65364374159117,170.0470733642578,54288300,0.0,0.0,,,176.38027265779337,51.43759415748112,172.63759737809647,174.39634013765965,-1.7587427595631766,-1.8618651963876063,,,,
2024-03-26 00:00:00-04:00,169.20106023000122,170.61438491064948,168.78303590364706,168.9124298095703,57388400,0.0,0.0,,,176.0874160755101,51.155551125165594,172.0644946752463,173.99012455780118,-1.9256298825548868,-1.8746181336210626,172.7498031616211,3.836902707043912,180.42360857570893,165.07599774753325
2024-03-27 00:00:00-04:00,169.609133760084,172.78414425918754,169.31054062211945,172.49549865722656,60273300,0.0,0.0,,,175.94655656891075,57.428471774491875,172.13080298016632,173.879411528129,-1.7486085479626752,-1.8494162164893853,172.34620895385743,3.3670772799613666,179.08036351378016,165.6120543939347
2024-03-28 00:00:00-04:00,170.94283813483634,171.4205780589011,169.70866021166748,170.67410278320312,65672700,0.0,0.0,,,175.73979367535358,51.28821987557294,171.90669525755658,173.6419812507271,-1.7352859931705211,-1.8265901718256126,171.8848876953125,2.8734614756805983,177.6318106466737,166.1379647439513
2024-04-01 00:00:00-04:00,170.38547862745995,170.4451942217802,168.68350825393796,169.23092651367188,46240500,0.0,0.0,,,175.48454398273861,45.23474942549482,171.49503852772816,173.31523645538968,-1.8201979276615248,-1.825311722992795,171.40565032958983,2.420234663187188,176.2461196559642,166.56518100321546
2024-04-02 00:00:00-04:00,168.28537106183597,168.54414366405445,167.43935975957754,168.04649353027344,49329500,0.0,0.0,,,175.1928557297008,42.49571653274224,170.96449314350434,172.92495920167738,-1.96046605817304,-1.8523425900288442,171.09412002563477,2.432140831960828,175.9584016895564,166.22983836171312
2024-04-03 00:00:00-04:00,167.99673277562965,169.8778497555363,167.78772821512752,168.85269165039062,47691700,0.0,0.0,,,174.94422184423766,47.35331935134542,170.63960060610225,172.62330975343392,-1.9837091473316661,-1.8786159014894086,171.07072982788085,2.4522619746487124,175.97525377717827,166.16620587858344
2024-04-04 00:00:00-04:00,169.48968886138192,171.11203328162168,168.026611328125,168.026611328125,53704400,0.0,0.0,,,174.67294300046854,42.236253350775115,170.23760225564422,172.2828135737814,-2.045211318137177,-1.9119349848189624,171.05580139160156,2.470695020133835,175.99719143186923,166.1144113513339
2024-04-05 00:00:00-04:00,168.79298281447828,169.5892261323792,168.15599119757314,168.7830352783203,42055200,0.0,0.0,,,174.44196622705098,44.4322334242889,170.01382272067133,172.0235707370806,-2.009748016409276,-1.9314975911370253,171.08466491699218,2.438813762228992,175.96229244145016,166.2070373925342
2024-04-08 00:00:00-04:00,168.23561647794648,168.40481571452685,167.4493358859462,167.65834045410156,37425500,0.0,0.0,,,174.17594168693532,40.35856126730541,169.65144083350677,171.70022034574882,-2.0487795122420493,-1.9549539753580303,170.97120056152343,2.5459143684512755,176.063029298426,165.87937182462088
2024-04-09 00:00:00-04:00,167.90716183961618,169.2806811483862,167.55881583801002,168.8726043701172,42451200,0.0,0.0,,,173.96796767451107,37.76251652938763,169.53161983913913,171.49076731051684,-1.9591474713777188,-1.955792674561968,170.81792373657225,2.576729630374967,175.9713829973222,165.6644644758223
2024-04-10 00:00:00-04:00,168.0066808175879,168.2953112001811,166.32462100940634,166.99147033691406,49709300,0.0,0.0,,,173.6943795436249,28.63865295532105,169.14082760802756,171.15748605321292,-2.0166584451853566,-1.9679658286866457,170.5467041015625,2.6829707609314823,175.91264562342548,165.18076257969955
2024-04-11 00:00:00-04:00,167.54885233902874,174.63540094951088,167.36970557110288,174.2173614501953,91070300,0.0,0.0,,,173.71488863800022,57.210187138490674,169.92183281451491,171.38414349002642,-1.4623106755115032,-1.8668347980516173,170.7412841796875,2.80447003029487,176.35022424027724,165.13234411909778
2024-04-12 00:00:00-04:00,173.44102962389059,177.52176704196785,173.39127675717174,175.72027587890625,101593300,0.0,0.0,,,173.7935312748985,58.19575315547222,170.81390097826744,171.7053384817953,-0.8914375035278681,-1.6717553391468676,170.91794967651367,3.0044890930260975,176.92692786256586,164.90897149046148
2024-04-15 00:00:00-04:00,174.53586805138283,175.7999037342719,171.68930847441092,171.87841796875,73531800,0.0,0.0,,,173.71842879230445,53.230320370136106,170.97767282295706,171.71815918453268,-0.7404863615756199,-1.485501543632618,170.92143325805665,3.0056164744113607,176.93266620687936,164.91020030923394
2024-04-16 00:00:00-04:00,170.94284143183614,172.94338974194338,167.47920033817573,168.583984375,73711200,0.0,0.0,,,173.51707803084153,49.46167016549797,170.60941306173288,171.48599808753028,-0.8765850257973966,-1.3637182400655736,170.70545349121093,3.0108810998953617,176.72721569100165,164.68369129142022
2024-04-17 00:00:00-04:00,168.81289870293196,169.84800441976404,167.21046447753906,167.21046447753906,50901200,0.0,0.0,,,173.26975985228066,40.66130150762983,170.0864978949338,171.1692918941976,-1.0827939992637994,-1.3075333919052188,170.3033531188965,2.9068754463137427,176.117104011524,164.489602226269
2024-04-18 00:00:00-04:00,167.24032724180861,167.847461101441,165.7672868824189,166.25497436523438,43122900,0.0,0.0,,,172.99467022533767,41.94486690111622,169.4970327365185,170.8052683735337,-1.3082356370152013,-1.3076738409272153,169.7245864868164,2.4450109434799963,174.6146083737764,164.8345645998564
2024-04-19 00:00:00-04:00,165.42886837664992,165.6179626751691,163.30887389276177,164.22454833984375,67772100,0.0,0.0,,,172.65074387688693,41.065706262811986,168.6858812908762,170.3178076302974,-1.6319263394211987,-1.3725243406260121,169.4075828552246,2.725304689818125,174.85819223486087,163.95697347558834
2024-04-22 00:00:00-04:00,164.74211969252124,166.47393259764522,163.9956444231876,165.06060791015625,48116400,0.0,0.0,,,172.35309148603477,44.6043518566006,168.1281469246116,169.92838542880548,-1.800238504193885,-1.4580671733395867,169.08709564208985,2.8442496025841257,174.7755948472581,163.3985964369216
2024-04-23 00:00:00-04:00,164.57292762929356,166.26493527613894,164.1449405589347,166.11563110351562,49537800,0.0,0.0,,,172.1084851965242,45.09807350922145,167.81852910598144,169.6459591824877,-1.8274300765062605,-1.5319397539729214,168.89052352905273,2.909517889152469,174.70955930735767,163.0714877507478
2024-04-24 00:00:00-04:00,165.75730653407012,168.50434510258808,165.42887079721268,168.2256622314453,48251800,0.0,0.0,,,171.95621762926623,50.34081533373777,167.88116497143744,169.54075200092902,-1.6595870294915755,-1.5574692090766524,168.85618515014647,2.9132959339197932,174.68277701798607,163.02959328230688
2024-04-25 00:00:00-04:00,168.73327450279362,169.80820075027214,167.3597550998357,169.09158325195312,50558300,0.0,0.0,,,171.84387902623436,50.526322913071475,168.06738316843985,169.5074802417456,-1.4400970733057648,-1.533994781922475,168.6859893798828,2.7861504118584763,174.25829020359976,163.11368855616587
2024-04-26 00:00:00-04:00,169.081624768213,170.53475474394267,168.38490238817732,168.5043487548828,44838400,0.0,0.0,,,171.71291705480883,51.47008133651085,168.13460864327723,169.4331742056817,-1.2985655624044625,-1.4869089380188727,168.5775016784668,2.7466252500257546,174.07075217851832,163.0842511784153
2024-04-29 00:00:00-04:00,172.555222179483,175.20272483761752,172.28650201133235,172.6846160888672,68169400,0.0,0.0,,,171.75102289928174,56.005020849698525,168.8346097887526,169.6740217525843,-0.8394119638317079,-1.3574095431814397,168.75018615722655,2.8944600550767854,174.53910626738013,162.96126604707297
2024-04-30 00:00:00-04:00,172.51541154910535,174.1676137755898,169.20105955998108,169.52951049804688,65934800,0.0,0.0,,,171.66390476589999,53.84386423290258,168.94151759018249,169.66331721521115,-0.721799625028666,-1.230287559550885,168.82433700561523,2.8944800219046587,174.61329704942455,163.03537696180592
2024-05-01 00:00:00-04:00,168.78303163206596,171.89832652202932,168.31523926242042,168.5043487548828,50383100,0.0,0.0,,,171.5400006086052,39.34673915888839,168.87426084629024,169.57746769963128,-0.7032068533410438,-1.1248714183089168,168.80691986083986,2.8953483446727235,174.5976165501853,163.0162231714944
2024-05-02 00:00:00-04:00,171.69925171807526,172.60497864880503,170.08687006909776,172.21681213378906,94214900,0.0,0.0,,,171.5665422370438,43.96433113517987,169.38849950590543,169.77297469475408,-0.38447518884865417,-0.9767921724168643,169.01642990112305,2.986094029173832,174.9886179594707,163.0442418427754
2024-05-03 00:00:00-04:00,185.7727942523785,186.12115543095717,181.80155578938326,182.51817321777344,163224100,0.0,0.0,,,171.9960179617783,64.99296244357376,171.40844930773127,170.71706347423702,0.6913858334942518,-0.6431565712346411,169.70318679809571,4.244056477489277,178.19129975307428,161.21507384311715
2024-05-06 00:00:00-04:00,181.4930249418685,183.3343214775735,179.5720873686165,180.8560333251953,78569700,0.0,0.0,,,172.3434695446574,68.12699382935592,172.8619237719565,171.4680982780117,1.393825493944803,-0.2357601581987523,170.3630714416504,4.886737834118841,180.13654710988808,160.5895957734127
2024-05-07 00:00:00-04:00,182.58785409480518,184.0310366275269,180.46787458450643,181.54278564453125,77305800,0.0,0.0,,,172.7042270387701,71.60861857394801,174.19744098312185,172.2143714162724,1.9830695668494513,0.20800578681088844,170.9965805053711,5.469830024392694,181.93624055415648,160.05692045658571
2024-05-08 00:00:00-04:00,181.9906634485607,182.20963072654146,180.5972339353124,181.8811798095703,45057100,0.0,0.0,171.58898315429687,,173.0641075395858,74.00608638617656,175.3795546487293,172.93043129725743,2.449123351471883,0.6562292997430874,171.7410659790039,5.892949362370073,183.52696470374406,159.95516725426376
2024-05-09 00:00:00-04:00,181.70204263297254,183.792179594264,181.2541604804327,183.70260620117188,48983000,0.0,0.0,171.6516876220703,,173.48130356553034,80.11697479308816,176.66002411833585,173.72837017902887,2.931653939306983,1.1113142276558667,172.21532821655273,6.457382977272898,185.13009417109853,159.30056226200693
2024-05-10 00:00:00-04:00,184.28063783698332,184.47000383075684,181.51992740382525,182.4368438720703,50759500,0.25,0.0,171.7024139404297,,173.83250122461035,76.51480543405322,177.54876561891038,174.37344230443935,3.1753233144710293,1.5241160450188995,172.55115661621093,6.814061364437653,186.17927934508623,158.92303388733563
2024-05-13 00:00:00-04:00,184.81883849593646,186.47328168344126,184.00157793065927,185.65602111816406,72044800,0.0,0.0,171.83922088623046,,174.29616867141638,77.96982506505402,178.79603569571864,175.2091888832338,3.5868468124848505,1.9366621985120898,173.24003677368165,7.41261723857847,188.06527125083858,158.41480229652473
2024-05-14 00:00:00-04:00,186.8819036535792,187.66926595480425,185.6659889969534,186.8021697998047,52393600,0.0,0.0,172.08972229003905,,174.78660008821592,77.34468002526413,180.0277486348088,176.0679282103872,3.9598204244215935,2.3412938436939905,174.15094604492188,7.912842680558526,189.97663140603893,158.32526068380483
2024-05-15 00:00:00-04:00,187.28058361009533,190.01139602124525,186.7423838683229,189.0845184326172,70400000,0.0,0.0,172.48500274658204,,175.34730276838852,78.25158296423017,181.42109783447162,177.03212007870056,4.388977755771066,2.7508306261094058,175.2446487426758,8.399768463312665,192.04418566930113,158.44511181605046
2024-05-16 00:00:00-04:00,189.83199615864385,190.45989075478766,189.02471179656044,189.2041015625,52845200,0.0,0.0,172.90258117675782,,175.8907066426674,79.64213872455983,182.61848302339905,177.93374833675978,4.684734686639274,3.1376114382153792,176.39210510253906,8.670230526191142,193.73256615492136,159.05164405015677
2024-05-17 00:00:00-04:00,188.87519880271202,190.17084727488813,188.54630236847427,189.23399353027344,41282900,0.0,0.0,173.32314575195312,,176.41397279512253,76.89581016752783,183.6362538706105,178.7708035362793,4.8654503343312,3.483179217438544,177.64257736206054,8.626385757628656,194.89534887731784,160.38980584680323
2024-05-20 00:00:00-04:00,188.69582178398366,191.27714266640717,188.37688635675946,190.40008544921875,44361300,0.0,0.0,173.73259490966797,,176.96244780116552,86.26297119162632,184.6768433442425,179.63223182612666,5.0446115181158575,3.7954656775740068,178.90955123901367,8.541600043491718,195.9927513259971,161.82635115203024
2024-05-21 00:00:00-04:00,190.44991454290118,192.08442053272114,190.28048580582154,191.70570373535156,42309400,0.0,0.0,174.1279461669922,,177.54061470054538,89.92364608331714,185.7582064813362,180.5265630786618,5.231643402674393,4.082701222594085,180.18905487060547,8.440298791691276,197.06965245398803,163.30845728722292
2024-05-22 00:00:00-04:00,191.625965130265,192.17412585880137,189.63266445026173,190.2605438232422,34648500,0.0,0.0,174.48483978271486,,178.03943545045507,83.6764253574073,186.45087376470636,181.24759868937147,5.203275075334886,4.306815993142245,181.29079895019532,8.232060419045922,197.75491978828717,164.82667811210348
2024-05-23 00:00:00-04:00,190.34027016979292,190.36020743395642,186.0048504863481,186.25401306152344,51005900,0.0,0.0,174.8034048461914,,178.36157574892835,59.11401603082874,186.42058750267822,181.61844419841978,4.802143304258436,4.405881455365484,182.14892044067383,7.7753143003924405,197.6995490414587,166.59829183988896
2024-05-24 00:00:00-04:00,188.1875250894915,189.94162421863646,187.41012383078694,189.3436279296875,36294600,0.0,0.0,175.1465380859375,,178.79224446189932,69.35818079184918,186.8702860299104,182.1906800303655,4.67960599954489,4.4606263642013655,183.19088439941407,7.227616766940267,197.64611793329462,168.73565086553353
2024-05-28 00:00:00-04:00,190.86848939299406,192.35350378297326,188.46657377923762,189.3535919189453,52280100,0.0,0.0,175.4974349975586,,179.20641495041093,68.38207674888444,187.25233308976192,182.72126609618624,4.531066993575678,4.474714490076228,184.02433319091796,6.906270952289307,197.83687509549657,170.21179128633935
2024-05-29 00:00:00-04:00,188.97487295416659,191.6060292626522,188.8752018363686,189.652587890625,53068000,0.0,0.0,175.83241516113281,,179.61606879120365,68.32333532645885,187.62160305912548,183.23469734021873,4.386905718906746,4.457152735842332,185.03048706054688,6.102482000412818,197.23545106137252,172.82552305972123
2024-05-30 00:00:00-04:00,190.12102272627732,191.53626445370173,189.99146851693155,190.6492462158203,49947900,0.0,0.0,176.14035064697265,,180.04874241569843,67.0414943195643,188.08739431400159,183.7839231828559,4.303471131145699,4.426416414903005,186.13773193359376,4.820476214251625,195.778684362097,176.4967795050905
2024-05-31 00:00:00-04:00,190.79873376551856,191.92495345858123,189.2738600399137,191.60601806640625,75158300,0.0,0.0,176.41586486816405,,180.50196891180462,72.84007677835002,188.62872104514076,184.36333761867442,4.265383426466343,4.394209817215673,187.1071922302246,3.690784451876065,194.48876113397674,179.72562332647246
2024-06-03 00:00:00-04:00,192.25384615761888,194.33685694398167,191.8751293663799,193.38006591796875,50080500,0.0,0.0,176.87217376708983,,181.00699232381106,70.7329899972722,189.35969717942197,185.03124341862213,4.328453760799846,4.381058605932507,187.65028686523436,3.778099777792917,195.2064864208202,180.09408730964853
2024-06-04 00:00:00-04:00,193.98802704232938,194.66575720064256,192.38341934135104,193.69900512695312,47471400,0.0,0.0,177.31674682617188,,181.50471831609113,69.37289712015293,190.0272830175037,185.67329984146144,4.353983176042249,4.375643519954456,188.29243545532228,3.651854149797696,195.59614375491768,180.98872715572688
2024-06-05 00:00:00-04:00,194.74547082752238,196.24044634116564,194.2172473626493,195.21389770507812,54156800,0.0,0.0,177.8200833129883,,182.04233319409062,67.99291203923104,190.825223738669,186.38001079432195,4.445212944347048,4.389557404832974,188.97599105834962,3.601086369375816,196.17816379710126,181.77381831959798
2024-06-06 00:00:00-04:00,195.03450583879902,195.84179017422778,193.5195930765027,193.82855224609375,41181800,0.0,0.0,178.31840576171874,,182.5045378627966,62.63613105939567,191.2872742782728,186.93175460556432,4.355519672708482,4.382749858408076,189.57335968017577,3.3439863995924597,196.2613324793607,182.88538688099084
2024-06-07 00:00:00-04:00,193.99796669662618,196.28030430445062,193.48968053965237,196.23046875,53103900,0.0,0.0,178.7931051635742,,183.0428096622948,66.92377820346728,192.0477657354616,187.62054824589288,4.427217489568733,4.391643384640208,190.1997528076172,3.3597199407619054,196.919192689141,183.48031292609338
2024-06-10 00:00:00-04:00,196.24045118441725,196.63912045583442,191.5063619410421,192.47311401367188,97262100,0.0,0.0,179.2290853881836,,183.41262551921153,54.45586250054116,192.11320393210934,187.97999756202466,4.133206370084679,4.339955981729102,190.70156631469726,2.8500759328808947,196.40171818045906,185.00141444893546
2024-06-11 00:00:00-04:00,193.00132161576843,206.46607669963058,192.9813995595946,206.4561004638672,172373300,0.0,0.0,179.9735888671875,,184.31629120331567,70.52133264835626,194.31980339853362,189.34859777697596,4.971205621557658,4.466205909694813,191.74157028198243,4.325270776606001,200.39211183519444,183.09102872877043
2024-06-12 00:00:00-04:00,206.67537368785207,219.46239922329934,206.20694681699416,212.35629272460938,198134300,0.0,0.0,180.8597848510742,,185.4158991061115,77.35014307164914,197.0946479102376,191.05287147680068,6.041776433436922,4.781320014443235,193.01927642822267,6.170258984877136,205.35979439797694,180.6787584584684
2024-06-13 00:00:00-04:00,214.0207098376566,216.02397164318222,210.89122822700367,213.5223846435547,97862700,0.0,0.0,181.7531787109375,,186.51811422522692,86.30576923389475,199.6219920230556,192.71727985952322,6.904712163532395,5.205998444261067,194.24116973876954,7.603338891313798,209.44784752139714,179.03449195614195
2024-06-14 00:00:00-04:00,213.13368913916617,214.44925972841028,210.59222763705992,211.7782440185547,70122700,0.0,0.0,182.6282113647461,,187.50870755045548,80.97993760501183,201.49218463774778,194.1292031305626,7.3629815071851965,5.637395056845893,195.36987686157227,8.445184883857394,212.26024662928705,178.47950709385748
2024-06-17 00:00:00-04:00,212.65527993528355,218.21659070332575,212.0074632920053,215.94422912597656,93728300,0.0,0.0,183.57143524169922,,188.62382604361318,82.93829546262148,203.71557609747526,195.74513098207473,7.970445115400537,6.1040050685568215,196.70538864135742,9.473188979246203,215.65176659984982,177.759010682865
2024-06-18 00:00:00-04:00,216.86113841241473,217.89766325641614,212.28651711595563,213.5721893310547,79943300,0.0,0.0,184.48971221923827,,189.60219323135598,78.18224311666832,205.23197813341054,197.0656538227399,8.166324310670632,6.5164689169795835,197.8639938354492,10.0602649241547,217.9845236837586,177.74346398713982
2024-06-20 00:00:00-04:00,213.21341001933183,213.5223844137921,208.15043943546107,208.97764587402344,86172500,0.0,0.0,185.2918130493164,,190.36201490361745,69.90691973326845,205.80823470888942,197.94802360431646,7.860211104572954,6.785217354498259,198.72759094238282,10.243463646213955,219.21451823481073,178.2406636499549
2024-06-21 00:00:00-04:00,209.6852627905662,211.18023828891836,206.41625091745033,206.79498291015625,246421400,0.0,0.0,186.08788330078124,,191.00644502152093,66.0691904513148,205.96004212446894,198.60335392326758,7.356688201201365,6.89951152383888,199.5543128967285,10.191237062462394,219.9367870216533,179.17183877180372
2024-06-24 00:00:00-04:00,207.02420349475855,211.98751777765062,205.89798377862786,207.4427947998047,80727000,0.0,0.0,186.75239196777343,,191.65100775792422,65.24087836038865,206.18815792067443,199.25812732152957,6.930030599144857,6.905615338900076,200.61375198364257,9.830797183111567,220.2753463498657,180.95215761741943
2024-06-25 00:00:00-04:00,208.44940858434205,210.67194975002218,207.91122410230182,208.36968994140625,56713900,0.0,0.0,187.40538024902344,,192.3066423533549,65.69296911214556,206.52377823155624,199.93305788596487,6.5907203455913645,6.842636340238334,201.5650550842285,9.600674914552583,220.76640491333367,182.36370525512334
2024-06-26 00:00:00-04:00,210.79155216910215,214.1402980033581,209.9344322470105,212.5356903076172,66213200,0.0,0.0,188.2185256958008,,193.09993835156126,67.53432025067012,207.44868778171946,200.86658621349466,6.5821015682248,6.790529385835628,202.72416000366212,9.446945309034664,221.61805062173144,183.8302693855928
2024-06-27 00:00:00-04:00,213.97086306596705,215.01734896028734,211.6387049296034,213.38284301757812,49772700,0.0,0.0,189.11450286865235,,193.89534637767957,70.01226180675192,208.36163474108233,201.79371634713047,6.567918393951857,6.746007187458874,203.91067276000976,9.20593633829837,222.3225454366065,185.49880008341302
2024-06-28 00:00:00-04:00,215.0472324898511,215.34623061165473,209.5955543096767,209.9144744873047,82542700,0.0,0.0,189.96858306884766,,194.5235474800178,63.70532410796457,208.6005331635781,202.39525398714338,6.205279176434715,6.637861585254043,204.873934173584,8.741488382262459,222.3569109381089,187.39095740905907
2024-07-01 00:00:00-04:00,211.37956216985054,216.78140506529675,211.2101334408119,216.02395629882812,60402900,0.0,0.0,190.96396270751953,,195.36670076702998,72.52619202464088,209.74259826130884,203.40478749171263,6.337810769596217,6.577851422122478,206.09483108520507,8.492511790728434,223.07985466666193,189.10980750374821
2024-07-02 00:00:00-04:00,215.42595595595571,219.64179766849512,214.3794853085834,219.53216552734375,58046200,0.0,0.0,192.07011505126954,,196.31436605174818,65.64138488422734,211.24868553300652,204.59940808694455,6.649277446061973,6.592136626910377,207.40243606567384,8.444968797270429,224.2923736602147,190.51249847113297
2024-07-03 00:00:00-04:00,219.26306558331447,220.80787658691406,218.29631357753755,220.80787658691406,37369800,0.0,0.0,193.18506042480467,,197.27489587665664,61.36726611219358,212.71933031053078,205.8000353832386,6.919294927292185,6.65756828698674,208.75787963867188,8.3041198786954,225.3661193960627,192.14963988128108
2024-07-05 00:00:00-04:00,220.90754038733803,225.69146503075916,220.90754038733803,225.5818328857422,60412400,0.0,0.0,194.37438446044922,,198.38497183779725,64.784910833478,214.6981768605633,207.26535371675737,7.432823143805933,6.812619258350579,210.2762763977051,8.471950978066197,227.22017835383747,193.3323744415727
2024-07-08 00:00:00-04:00,226.32931907748747,227.08678305881674,222.50218547217585,227.056884765625,59085900,0.0,0.0,195.5510089111328,,199.50936058006502,68.85606171027491,216.5995165382651,208.73139305371052,7.868123484554587,7.023720103591382,211.93769302368165,8.333698861120416,228.60509074592247,195.27029530144083
2024-07-09 00:00:00-04:00,227.1664984715379,228.631575647805,225.6117264169712,227.9139862060547,48076100,0.0,0.0,196.72745697021483,,200.62326746735874,66.08622685137716,218.3402041794635,210.1523258798101,8.18787829965342,7.25655174280379,213.52186889648436,8.201068553596354,229.92400600367708,197.11973178929165
2024-07-10 00:00:00-04:00,228.53191911989683,232.2992560750062,228.48208356286247,232.1995849609375,62627700,0.0,0.0,198.00136169433594,,201.86155442789124,73.8089062060567,220.47241660738257,211.7854561821158,8.686960425266761,7.542633479296385,215.50819244384766,7.625408888316682,230.75901022048103,200.2573746672143
2024-07-11 00:00:00-04:00,230.61492037011672,231.61157070495582,225.01375035477759,226.80772399902344,64710600,0.0,0.0,199.08382385253907,,202.8398355875435,72.33457674261427,221.44707928301963,212.89821676114602,8.548862521873616,7.743879287811832,216.52577362060546,7.7113039674606485,231.94838155552677,201.10316568568416
2024-07-12 00:00:00-04:00,228.1531925563972,231.86073301422448,227.91399100155513,229.76776123046875,53046500,0.0,0.0,200.2885888671875,,203.89583267157977,78.22677653820656,222.7271841980118,214.14781264776252,8.579371550249277,7.910977740299321,217.39634704589844,8.18415565472341,233.76465835534526,201.0280357364516
2024-07-15 00:00:00-04:00,235.68787221439834,236.43535998230433,232.3092281117703,233.61483764648438,62631300,0.0,0.0,201.59079864501953,,205.06128384706622,79.8137970665442,224.40220780546912,215.5898144995197,8.812393305949428,8.091260853429343,218.4009696960449,8.88663748828856,236.17424467262202,200.6276947194678
2024-07-16 00:00:00-04:00,234.2128217621178,235.47857190808813,231.55176727169922,234.03343200683594,43234300,0.0,0.0,202.82713104248046,,206.19744651999838,79.57729017064062,225.88393460567937,216.95600838895052,8.92792621672885,8.258593926089246,219.51372909545898,9.392670445888228,238.29906998723544,200.72838820368253
2024-07-17 00:00:00-04:00,228.68140979310064,230.68468664215072,225.88082486496336,228.1133270263672,57345900,0.0,0.0,203.73903411865234,,207.0568928143658,67.25545131742987,226.22691805501594,217.78247643616658,8.444441618849368,8.29576346464127,220.1221839904785,9.542233853414823,239.20665169730816,201.03771628364885
2024-07-18 00:00:00-04:00,229.50863493701104,229.66810263837593,221.52547133243425,223.42906188964844,66034600,0.0,0.0,204.5904946899414,,207.6989386604553,60.25638908629686,225.7964786449594,218.2007420253134,7.595736619646004,8.155758095642216,220.6150276184082,9.44013109276054,239.49528980392927,201.73476543288712
2024-07-19 00:00:00-04:00,224.06692564873424,226.04028896611686,222.5320756847993,223.55862426757812,49151500,0.0,0.0,205.43081146240235,,208.3208871156366,64.94868834551886,225.4521933561315,218.59762219140708,6.854571164724405,7.895520709458655,221.34407653808594,9.04902229887261,239.44212113583117,203.2460319403407
2024-07-22 00:00:00-04:00,226.24959507146193,227.01702011468987,222.34272744507626,223.20982360839844,48201800,0.0,0.0,206.2573843383789,,208.90476697809785,59.010281600836336,225.1072133949418,218.93926674081385,6.167946654127945,7.550005898392514,222.16481857299806,8.379623857037041,238.92406628707215,205.40557085892397
2024-07-23 00:00:00-04:00,223.61843101438217,226.17982967750157,221.93408951337017,224.25628662109375,39960300,0.0,0.0,207.06845794677736,,209.50678735625456,56.313275496986925,224.97630158358055,219.33312006527905,5.643181518301503,7.168641022374312,223.0054931640625,7.635255494913638,238.27600415388977,207.73498217423523
2024-07-24 00:00:00-04:00,223.24968592545983,224.04700927387208,216.40270265661363,217.80796813964844,61777600,0.0,0.0,207.7758804321289,,209.83232385756415,46.477888675183664,223.87348105374485,219.22014584856566,4.653335205179189,6.665579858935288,223.4774070739746,6.943375785290054,237.36415864455472,209.5906555033945
2024-07-25 00:00:00-04:00,218.19665359620475,220.11023564894725,213.9010930254534,216.76148986816406,51391200,0.0,0.0,208.3979898071289,,210.10405585797983,38.65092803033278,222.7793285636555,219.03802318335073,3.741305380304766,6.080724963209184,223.68869705200194,6.651032320518736,236.99076169303942,210.38663241096447
2024-07-26 00:00:00-04:00,217.96743096801922,218.7547932697213,215.28643906297688,217.22991943359375,41601300,0.0,0.0,209.0065447998047,,210.38350148839606,37.01946294494247,221.92557331287676,218.90408957225762,3.0214837406191464,5.4688767186911775,223.88105087280275,6.387708462931715,236.65646779866617,211.10563394693932
2024-07-29 00:00:00-04:00,216.23326096996,218.5654190781,215.0273073866339,217.50897216796875,36311800,0.0,0.0,209.57503387451172,,210.66293171112443,36.04277168580226,221.24609621366014,218.80074754231032,2.4453486713498194,4.864171109222906,224.26077575683593,5.70275962780692,235.66629501244978,212.85525650122207
2024-07-30 00:00:00-04:00,218.45578591171193,219.59196666736065,215.3960621319004,218.0670928955078,41643800,0.0,0.0,210.15229370117189,,210.9532909732571,28.93638389354423,220.75701878009824,218.7464027536583,2.0106160264399477,4.293460092666314,224.36293258666993,5.5640560381774735,235.49104466302487,213.234820510315
2024-07-31 00:00:00-04:00,220.6982497488722,223.07028238181744,219.89096542123676,221.3361053466797,50036300,0.0,0.0,210.7943359375,,211.36046016437172,41.29397346054042,220.84610902111078,218.93823257536357,1.9078764457472062,3.816343363282493,224.45312957763673,5.49582777223486,235.44478512210645,213.461474033167
2024-08-01 00:00:00-04:00,223.618417993468,223.72805013234773,216.29304757526307,217.62855529785156,62501000,0.0,0.0,211.33890533447266,,211.60626781666502,31.133795892929896,220.35110075599397,218.841219443696,1.5098813122979777,3.35505095308559,224.2941635131836,5.650616527518642,235.59539656822088,212.99293045814633
2024-08-02 00:00:00-04:00,218.41592196270943,224.84432899946665,216.98075820790513,219.12355041503906,105568600,0.0,0.0,211.8872622680664,,211.9010632126797,25.7018616187041,220.16224685738553,218.86213284898068,1.3001140084048473,2.9440635641494413,223.97124938964845,5.75669656941685,235.48464252848214,212.45785625081476
2024-08-05 00:00:00-04:00,198.423121913284,212.7848576409039,195.3434758670593,208.56903076171875,119548600,0.0,0.0,212.25343200683594,,211.77039527342635,18.13418571835014,218.37867515035987,218.09968084251682,0.2789943078430497,2.411049712888163,223.04685668945314,6.650163069468605,236.34718282839034,209.74653055051593
2024-08-06 00:00:00-04:00,204.612330181792,209.28662299148326,200.39650324752455,206.53585815429688,69660500,0.0,0.0,212.6590689086914,,211.5651193079703,20.08840845739553,216.55670330481172,217.24310138413014,-0.6863980793184226,1.791560154446846,221.97795028686522,7.491544753592997,236.9610397940512,206.99486077967924
2024-08-07 00:00:00-04:00,206.20693999643444,212.92436846093156,205.69865382063958,209.11717224121094,63516400,0.0,0.0,213.05453979492188,,211.46912138378366,28.931905109744832,215.41216006425776,216.64118070687687,-1.2290206426191048,1.187443995033656,220.8238296508789,7.611001458373289,236.0458325676255,205.60182673413232
2024-08-08 00:00:00-04:00,212.39616246807245,213.48250772924823,208.13050007077933,212.59548950195312,47161100,0.0,0.0,213.51937774658202,,211.51329268253542,35.309837142181834,214.9788261315955,216.34149987688252,-1.362673745287026,0.6774204469695195,220.11321792602538,7.686004815159783,235.48522755634494,204.74120829570583
2024-08-09 00:00:00-04:00,211.38955402452135,216.05387055494424,211.259984607228,215.51568603515625,42201600,0.0,0.0,214.03663970947267,,211.67024928459898,40.35482494983674,215.06141996291254,216.2803284811991,-1.218908518286554,0.29815465391830487,219.40061416625977,7.39910997868226,234.1988341236243,204.60239420889525
2024-08-12 00:00:00-04:00,215.59550663031672,219.02793942662467,215.12653755613,217.0522918701172,38028100,0.25,0.0,214.5647006225586,,211.88130977814873,41.07888364970615,215.3677079486363,216.33751095445228,-0.9698030058159759,0.04456312197144871,218.5724868774414,6.609181466108745,231.7908498096589,205.3541239452239
2024-08-13 00:00:00-04:00,218.52902632127157,221.40270642093424,218.52902632127157,220.78407287597656,44155300,0.0,0.0,215.14826171875,,212.23043774276942,53.95132849497742,216.20099486053482,216.6668859116022,-0.4658910510673877,-0.05752771263631858,217.91001892089844,5.558385442653741,229.02678980620593,206.79324803559095
2024-08-14 00:00:00-04:00,220.08562480803565,222.54021400164925,219.21752501736546,221.23309326171875,41960600,0.0,0.0,215.705322265625,,212.58348305723803,56.03258428400334,216.97516384533236,217.0051234930923,-0.02995964775993798,-0.052014099661042465,217.566007232666,5.086544540046596,227.73909631275922,207.3929181525728
2024-08-15 00:00:00-04:00,224.10676986474735,224.8551228159093,222.27079905335071,224.22650146484375,46414000,0.0,0.0,216.3158721923828,,213.04007201439904,58.8369543682532,218.09075424833412,217.5400403798887,0.5507138684454276,0.06853149396025154,217.6058792114258,5.137789560604036,227.88145833263385,207.33030009021772
2024-08-16 00:00:00-04:00,223.42826155403992,226.33187474025672,223.15885022096822,225.5535888671875,44340200,0.0,0.0,216.922666015625,,213.5307981654888,59.89860543990339,219.23888265123463,218.13363656413307,1.1052460871015626,0.27587441258851375,217.70562744140625,5.276924297019606,228.25947603544546,207.15177884736704
2024-08-19 00:00:00-04:00,225.2243113108782,225.4937226434457,222.5501887780633,225.39393615722656,40687800,0.0,0.0,217.55397369384767,,213.996019263204,59.10469224269875,220.18581395984876,218.67143653399185,1.5143774258569067,0.5235750152421923,217.81483306884766,5.417554647317567,228.6499423634828,206.97972377421252
2024-08-20 00:00:00-04:00,225.27420804373648,226.6711275207631,224.95490346311303,226.0125732421875,30299000,0.0,0.0,218.14961578369142,,214.46725667414455,56.22098095485928,221.08223846482394,219.21522443830264,1.8670140265213035,0.7922628174980146,217.90264739990235,5.540304293969903,228.98325598784214,206.82203881196256
2024-08-21 00:00:00-04:00,226.02254833732334,227.47933353511345,224.5557753561492,225.90280151367188,34765500,0.0,0.0,218.8182095336914,,214.91570941294955,62.17213348423704,221.8238635492621,219.71060051795962,2.1132630313024663,1.056462860258905,218.30738906860353,5.8215644806273,229.95051802985813,206.66426010734892
2024-08-22 00:00:00-04:00,227.28976176117078,227.8385569948794,223.4083048904395,224.03692626953125,43695300,0.0,0.0,219.1698260498047,,215.27340419163903,57.14998168111823,222.16433473699578,220.0310690921501,2.133265644845693,1.2718234171762628,218.67116088867186,5.945864730600168,230.5628903498722,206.77943142747154
2024-08-23 00:00:00-04:00,225.16444130741013,227.7188169640382,223.83736023691762,226.3418426513672,38677300,0.0,0.0,219.44953704833983,,215.70746060182444,84.03480976594984,222.80702826228367,220.49853380024024,2.308494462043427,1.479157626149696,219.12675704956055,6.17432572510292,231.4754084997664,206.77810559935472
2024-08-26 00:00:00-04:00,226.2620154817008,226.7808777924977,223.39832305195915,226.68109130859375,30602200,0.0,0.0,219.71271118164063,,216.13779906091344,91.25444655262494,223.403037961716,220.95650102308124,2.4465369386347504,1.672633488646707,219.5853630065918,6.38488352418714,232.35513005496608,206.8155959582175
2024-08-27 00:00:00-04:00,225.5036798955901,228.3474270817302,224.39611696496783,227.5292205810547,35934600,0.0,0.0,220.02773071289062,,216.58452147346802,90.58619738585834,224.0378352877681,221.4433691384867,2.594466149281402,1.8570000207736461,220.05846939086913,6.612950415452971,233.28437022177508,206.8325685599632
2024-08-28 00:00:00-04:00,227.4194670399241,229.35520907583674,225.18438078371824,225.99261474609375,38052200,0.0,0.0,220.22869842529298,,216.95346630768864,82.2963367317061,224.33857058904897,221.78035029460574,2.558220294443231,1.997244075507563,220.29129486083986,6.741031953716713,233.77335876827328,206.80923095340643
2024-08-29 00:00:00-04:00,229.59470189609323,232.4085012026452,228.37737982242845,229.28536987304688,51906300,0.0,0.0,220.54296203613282,,217.43707036907526,82.60872707404961,225.09961663274095,222.3362776707866,2.7633389619543607,2.1504630527969226,220.8741355895996,6.997735954399621,234.86960749839884,206.87866368080037
2024-08-30 00:00:00-04:00,229.6844899472923,229.89402024722435,226.98043458769098,228.49710083007812,52990800,0.0,0.0,220.9333511352539,,217.87079705382047,78.09899366950611,225.62230650925437,222.79263494184522,2.82967156740915,2.2863047557193683,221.34281311035156,7.185693899384703,235.71420090912096,206.97142531158215
2024-09-03 00:00:00-04:00,228.04808224732741,228.49709095305272,220.68428466242796,222.28077697753906,50190600,0.0,0.0,221.24306701660157,,218.0437374429859,53.275106545805684,225.1082250428366,222.7547195370818,2.3535055057548107,2.299744905726457,222.02840042114258,6.52670385500978,235.08180813116215,208.974992711123
2024-09-04 00:00:00-04:00,221.17322424578342,221.29295584608857,217.0023958735564,220.36500549316406,43840200,0.0,0.0,221.50151123046874,,218.13476756260076,48.215019675540276,224.3784989582716,222.57770368197677,1.8007952762948207,2.19995497984013,222.71985778808593,5.441290249464405,233.60243828701473,211.83727728915713
2024-09-05 00:00:00-04:00,221.14327916881817,224.98481497811864,221.03352013282222,221.89163208007812,36615400,0.0,0.0,221.77195007324218,,218.282095582894,44.89080292438744,223.99590405393414,222.52688356331763,1.469020490616515,2.0537680819954067,223.35858078002929,4.413130614111263,232.18484200825182,214.53231955180675
2024-09-06 00:00:00-04:00,223.4581991238727,224.74537478911404,219.28738577978086,220.3350830078125,48423000,0.0,0.0,221.9279379272461,,218.36260489367513,38.694319523653995,223.43270081606926,222.36452796661354,1.0681728494557206,1.8566490354874696,223.74556045532228,3.701642978487423,231.14884641229713,216.34227449834742
2024-09-09 00:00:00-04:00,220.33506702469683,220.7840757397734,216.23409233980902,220.42486572265625,67180000,0.0,0.0,222.06877838134767,,218.44347786736068,39.20202130728447,222.9699569555442,222.22084928187599,0.7491076736682203,1.63514076312362,223.99101943969725,3.264096815024149,230.51921306974555,217.46282580964896
2024-09-10 00:00:00-04:00,218.4392435287618,220.99361925876318,216.25405039598212,219.6266326904297,51591000,0.0,0.0,222.26302154541017,,218.48987609571634,36.23058422522793,222.45559937629582,222.02868508991702,0.42691428637880335,1.3934954677746567,224.1197364807129,3.017517297892607,230.15477107649812,218.08470188492768
2024-09-11 00:00:00-04:00,220.9736588702828,222.6000688776049,217.4114916314568,222.1710205078125,44587100,0.0,0.0,222.38596282958986,,218.6342347001123,42.71804247108845,222.4118180119138,222.03922845420558,0.3725895577082099,1.1893142857613672,224.1890838623047,2.9520506992770725,230.09318526085883,218.28498246375057
2024-09-12 00:00:00-04:00,222.01136566399225,223.059062794204,219.33725854525207,222.28077697753906,37498200,0.0,0.0,222.44093505859374,,218.7772363580506,46.32102244575561,222.39165785277922,222.05712093741545,0.3345369153637705,1.0183588116818478,224.2414680480957,2.9057686361353925,230.05300532036648,218.42993077582491
2024-09-13 00:00:00-04:00,223.08901316997165,223.5479944694599,221.42268236911949,222.01138305664062,36766600,0.0,0.0,222.46500518798828,,218.90406564034825,40.08223538218206,222.33315403798866,222.05373294624695,0.27942109174171037,0.8705712676938204,224.13071212768554,2.948273835391208,230.02725979846795,218.23416445690313
2024-09-16 00:00:00-04:00,216.0644583037111,216.74297289953918,213.4502168549942,215.84495544433594,59357400,0.0,0.0,222.27026763916015,,218.7841005346223,30.411202094600142,221.33496963896516,221.59382350166095,-0.25885386269578703,0.6446862416158989,223.64528045654296,3.457032200065356,230.55934485667368,216.73121605641225
2024-09-17 00:00:00-04:00,215.27619443719672,216.42366284814068,214.02893954474482,216.31390380859375,45519300,0.0,0.0,222.05540802001954,,218.68723007477806,29.443940103288327,220.5624979727542,221.20271833921151,-0.6402203664573278,0.38770492000125356,223.19127883911133,3.7950057099702943,230.78129025905193,215.60126741917074
2024-09-18 00:00:00-04:00,217.07224903728172,222.22092099435915,217.06226125375574,220.20535278320312,59894900,0.0,0.0,221.9012353515625,,218.74676429863788,40.23565781628288,220.5075525589771,221.12883940913682,-0.62128685015972,0.1859065659690589,222.90091781616212,3.7899393153383234,230.48079644683878,215.32103918548546
2024-09-19 00:00:00-04:00,224.49591687958383,229.31531179988679,224.1367068474718,228.3673858642578,66781300,0.0,0.0,221.8245913696289,,219.124043575721,48.66974077623404,221.71675768286644,221.66502803544208,0.051729647424366476,0.15907118226012043,223.0241470336914,3.930156141611025,230.88445931691345,215.16383475046936
2024-09-20 00:00:00-04:00,229.46496974860833,232.57811312113958,227.12012443578536,227.6988525390625,318679900,0.0,0.0,221.84241394042968,,219.46031059389125,48.8392227936047,222.63707996843505,222.11197799867324,0.5251019697618062,0.2322773397604576,223.20724334716797,4.062881290496342,231.33300592816065,215.0814807661753
2024-09-23 00:00:00-04:00,226.8407407931877,228.94610768522742,225.31410200503296,225.97265625,54146000,0.0,0.0,221.7665118408203,,219.7156966980524,56.17493194714617,223.15024555021427,222.3979541654382,0.7522913847760719,0.3362801487635805,223.18878402709962,4.048703912351749,231.28619185180312,215.0913762023961
2024-09-24 00:00:00-04:00,228.14786961487798,228.8463445678705,225.2342838755063,226.8706817626953,43556100,0.0,0.0,221.63162872314453,,219.99628434764625,61.2647164507197,223.7226203521344,222.72926732079057,0.9933530313438439,0.4676947252796332,223.1982635498047,4.057523405827672,231.31331036146003,215.08321673814936
2024-09-25 00:00:00-04:00,224.43603888049125,226.79085685048213,223.52804884217394,225.8728790283203,42308700,0.0,0.0,221.46841766357423,,220.22673904100603,57.02221411219717,224.05342937923993,222.96212744727427,1.0913019319656598,0.5924161666168385,223.11544647216797,3.9806481446087463,231.07674276138547,215.15415018295047
2024-09-26 00:00:00-04:00,226.80083714120576,227.99819881641105,224.9149883158055,227.02035522460938,36636700,0.0,0.0,221.44655822753907,,220.49315536193166,61.96428785990407,224.50987950929675,223.26273691226206,1.2471425970346957,0.72336145270041,223.16683349609374,4.026118909114215,231.21907131432218,215.1145956778653
2024-09-27 00:00:00-04:00,227.9582911728241,229.01596089620384,226.80083496693393,227.2897491455078,34026000,0.0,0.0,221.52377197265625,,220.75968845148367,62.20725059625722,224.93755176102152,223.56103411472472,1.3765176462968043,0.8539926914196888,223.0670524597168,3.888890092557793,230.84483264483237,215.28927227460122
2024-09-30 00:00:00-04:00,229.53482055042815,232.4883270263672,229.14567760776433,232.4883270263672,54541900,0.0,0.0,221.70236602783203,,221.21963506226342,69.77602450535538,226.09920949415164,224.22231507114267,1.876894423008963,1.0585730377375437,223.26661376953126,4.26629601285127,231.7992057952338,214.73402174382872
2024-10-01 00:00:00-04:00,229.01597026460064,229.14567442683443,223.24866456606327,225.71324157714844,63285000,0.0,0.0,221.75243438720702,,221.39585492559223,54.819466456623076,226.0398298146127,224.33275407158754,1.7070757430251433,1.1882735787950638,223.43823699951173,4.29350411731934,232.02524523415042,214.85122876487304
2024-10-02 00:00:00-04:00,225.39393750024195,226.8706831083472,222.5302449869956,226.281982421875,32880600,0.0,0.0,221.79294830322266,,221.5874677685837,55.37679585018304,226.0770840618838,224.47714135679402,1.5999427050897737,1.2706074040540059,223.73408584594728,4.274409653545797,232.28290515303888,215.18526653885567
2024-10-03 00:00:00-04:00,224.64557310138042,226.3119038145279,222.82957789090332,225.17440795898438,34044200,0.0,0.0,221.94027709960938,,221.7281320897759,54.15681398893078,225.9382108152839,224.52879073473406,1.409420080549836,1.2983699393531718,223.8982246398926,4.262949564973003,232.4241237698386,215.3723255099466
2024-10-04 00:00:00-04:00,227.39951613756347,227.49930262356304,223.63780617480538,226.30194091796875,37245100,0.0,0.0,222.13108612060546,,221.9074971418619,65.84037970183587,225.99416929262003,224.66013519275145,1.3340340998685747,1.3055027714562526,224.1965675354004,4.20891125355536,232.6143900425111,215.77874502828968
2024-10-07 00:00:00-04:00,224.0069821228032,225.1943712346882,220.84394549402703,221.20315551757812,39505400,0.0,0.0,222.21055084228516,,221.87987590169394,56.495237153124634,225.25709025030588,224.4040626242201,0.8530276260857761,1.2150077423821573,224.2354820251465,4.175670378323359,232.58682278179322,215.88414126849977
2024-10-08 00:00:00-04:00,223.80742742544692,225.4837307412941,222.75973024040246,225.27420043945312,31855700,0.0,0.0,222.36585540771483,,222.01298666788057,56.70184581590583,225.25972258709777,224.46851727720033,0.7912053098974354,1.130247255885213,224.51786041259766,4.03622368935596,232.59030779130958,216.44541303388573
2024-10-09 00:00:00-04:00,224.73538646570117,229.24546472466872,224.33627096325682,229.03591918945312,33591100,0.0,0.0,222.58523193359375,,222.2883957863736,51.00030456857428,225.84067591053704,224.80684334477462,1.0338325657624239,1.1109643178606552,224.8611053466797,4.117228165805993,233.0955616782917,216.6266490150677
2024-10-10 00:00:00-04:00,227.27979028338342,228.99601435408132,226.67112924406288,228.53701782226562,28183500,0.0,0.0,222.72925018310548,,222.53343978778113,51.260518086013555,226.25549774311065,225.0831525653295,1.1723451777811533,1.123240489844755,225.173917388916,4.1484112252196175,233.47073983935525,216.87709493847677
2024-10-11 00:00:00-04:00,228.79644988971887,228.9062089337624,226.84074743911052,227.05029296875,31759200,0.0,0.0,222.91768493652344,,222.71057128507402,51.63241757936955,226.37777393167056,225.22886666928656,1.1489072623840002,1.1283738443526041,225.42586288452148,4.0989512743197025,233.62376543316088,217.22796033588207
2024-10-14 00:00:00-04:00,228.19775690140833,231.22110160659443,228.09798564307096,230.79205322265625,39882100,0.0,0.0,223.15105499267577,,223.02749214537138,55.468966465336386,227.05689382259143,225.64095456212877,1.4159392604626646,1.1858869275746162,226.1732177734375,3.591349652499477,233.35591707843645,218.99051846843855
2024-10-15 00:00:00-04:00,233.0969778733182,236.9684620133565,231.85969551276995,233.33645629882812,64751400,0.0,0.0,223.64640350341796,,223.4317652494285,59.978652713679935,228.02298035739707,226.21099172781018,1.8119886295868923,1.3111072679770714,227.02434539794922,3.1176543464412587,233.25965409083173,220.7890367050667
2024-10-16 00:00:00-04:00,231.09139869260778,231.61024577942743,229.33525401328018,231.27099609375,34082200,0.0,0.0,224.14110626220702,,223.73918606685288,55.54686510626198,228.52267508606673,226.58580686602795,1.9368682200387752,1.4362594583894124,227.57762756347657,2.81058677720855,233.19880111789368,221.95645400905946
2024-10-17 00:00:00-04:00,232.9173703418766,233.3364614020046,230.0137723986246,231.6401824951172,32993800,0.0,0.0,224.59156646728516,,224.0490290640397,55.66234164469466,229.00229161053602,226.9602050607753,2.042086549760711,1.5574248766636722,227.74126739501952,2.9507682953299916,233.6428039856795,221.83973080435953
2024-10-18 00:00:00-04:00,235.66131853389138,235.66131853389138,233.4960858911256,234.48391723632812,46431500,0.0,0.0,225.02933502197266,,224.45824036491376,52.7669911745204,229.84561862988863,227.51751707377923,2.3281015561094023,1.7115602125528182,228.0805206298828,3.3133963322513673,234.70731329438556,221.45372796538007
2024-10-21 00:00:00-04:00,233.9351372634737,236.32987592195377,233.9351372634737,235.96067810058594,36254500,0.0,0.0,225.43823486328125,,224.90931635454797,66.65582032102537,230.7863970099959,228.14293640909824,2.6434606008976687,1.8979402902217886,228.5799217224121,3.708163613687713,235.99624894978754,221.16359449503668
2024-10-22 00:00:00-04:00,233.376366009758,235.70125104779564,232.08920560922664,235.342041015625,38846600,0.0,0.0,225.8040298461914,,225.31844281184513,64.70205169092412,231.48726531855425,228.67620341698913,2.8110619015651253,2.080564612490456,229.00348968505858,3.9767457606215957,236.95698120630178,221.0499981638154
2024-10-23 00:00:00-04:00,233.56595129753524,234.62362105235994,227.25982300232985,230.25323486328125,52287000,0.0,0.0,225.9934130859375,,225.5119640687642,57.298537336682706,231.29741447928149,228.79302056115893,2.5043939181225596,2.165330473616877,229.22250747680664,3.915404086910946,237.05331565062852,221.39169930298476
2024-10-24 00:00:00-04:00,229.47495899723685,230.3131259260407,227.90841463888628,230.0636749267578,31109500,0.0,0.0,226.17002471923828,,225.69046253378355,55.55557558682738,231.10760839427783,228.88714310675886,2.2204652875189765,2.176357436397297,229.37467346191406,3.8843301428113675,237.1433337475368,221.60601317629133
2024-10-25 00:00:00-04:00,229.23547896644118,232.7078323586645,229.0658541264054,230.9018096923828,38802300,0.0,0.0,226.30353088378905,,225.89482908902275,66.38572187961292,231.07594705552475,229.03637766865694,2.039569386867811,2.1489998264913996,229.5552764892578,3.8662186007046757,237.28771369066715,221.82283928784847
2024-10-28 00:00:00-04:00,232.80762499530724,234.21451699403664,232.03931169048735,232.88743591308594,36087100,0.0,0.0,226.45020782470704,,226.16904896447622,63.83750902040484,231.35463764899572,229.32164124231832,2.0329964066773982,2.1257991425285994,229.57523193359376,3.88314722925712,237.341526392108,221.80893747507952
2024-10-29 00:00:00-04:00,232.58810476348472,233.815399347975,231.8098189074392,233.15684509277344,35417200,0.0,0.0,226.60546600341797,,226.44308018519376,58.57914783177731,231.6319003326538,229.6057304164261,2.026169916227701,2.1058732972684195,229.947412109375,3.850088429069906,237.6475889675148,222.2472352512352
2024-10-30 00:00:00-04:00,232.09916306464564,232.95727501758805,229.04588560251634,229.5946807861328,47070900,0.0,0.0,226.6771081542969,,226.56667236562276,51.952822358667945,231.31848194088133,229.60491192529327,1.7135700155880613,2.027412640932348,230.1130470275879,3.754161083603834,237.62136919479556,222.60472486038023
2024-10-31 00:00:00-04:00,228.83635490362704,229.325284321648,224.8750719925984,225.4138946533203,64370100,0.0,0.0,226.66733001708985,,226.5214653965129,47.252007254661905,230.41008389664114,229.2944662014434,1.1156176951977272,1.845053651785424,230.1250213623047,3.737926478988009,237.60087432028072,222.64916840432866
2024-11-01 00:00:00-04:00,220.48472918772245,224.8551151455125,219.78626950218685,222.42047119140625,65276700,0.0,0.0,226.63500091552734,,226.36064209435187,35.57921287062611,229.18091271122037,228.7852813858851,0.39563132533527323,1.5551691864953938,229.93094787597656,4.035765444739984,238.00247876545652,221.8594169864966
2024-11-04 00:00:00-05:00,220.5046966292777,222.3007315284092,219.2275088130919,221.52244567871094,44944500,0.0,0.0,226.5386129760742,,226.17090890158164,28.425614300833104,228.0026870139112,228.24729355572407,-0.2446065418128569,1.1952140408337437,229.9469123840332,3.9998954210930515,237.9467032262193,221.94712154184708
2024-11-05 00:00:00-05:00,221.31291912362707,223.45819152571042,220.65436486265338,222.95928955078125,28111300,0.0,0.0,226.46417694091798,,226.0449630446875,34.464737958885664,227.22677971189123,227.85558955535794,-0.628809843466712,0.8304092639736526,229.8311668395996,4.17201705309869,238.17520094579697,221.48713273340223
2024-11-06 00:00:00-05:00,222.12113695305962,225.5735453041769,220.7042571772517,222.23089599609375,54561100,0.0,0.0,226.35821044921875,,225.89539178787993,32.646292201107556,226.45818221715317,227.43894558800503,-0.9807633708518608,0.46817473700854995,229.49091567993165,4.5045303544674296,238.49997638886651,220.48185497099678
2024-11-07 00:00:00-05:00,224.13670611072257,227.37956894750107,224.0768403097807,226.98043823242188,42137700,0.0,0.0,226.3779669189453,,225.93794262884236,37.070151451409345,226.53852929642525,227.40498208018406,-0.8664527837588025,0.20124923285507945,229.41308670043946,4.535221862284194,238.48353042500784,220.3426429758711
2024-11-08 00:00:00-05:00,226.92049995960826,228.4088689967903,226.16134014604208,226.7107391357422,38328800,0.25,0.0,226.32647430419922,,225.968248374211,33.36883413607946,226.56502311785863,227.35355667689205,-0.788533559033425,0.003292674477378549,229.39610900878907,4.545157242166241,238.48642349312155,220.3057945244566
2024-11-11 00:00:00-05:00,224.7528927426808,225.45212091614073,221.25673663335022,223.98373413085938,42005600,0.0,0.0,226.23620697021485,,225.8904242862364,31.01723494237679,226.16790173524336,227.10394019200075,-0.9360384567573874,-0.18457355176957466,229.05569305419922,4.687823610682281,238.4313402755638,219.68004583283465
2024-11-12 00:00:00-05:00,224.30339000560164,225.34224111445195,223.11469448970428,223.98373413085938,40398300,0.0,0.0,226.27026611328125,,225.81565212328044,37.37444443351885,225.8318759499535,226.8728138171014,-1.0409378671478748,-0.3558464148452347,228.5880569458008,4.704780752531643,237.99761845086408,219.1784954407375
2024-11-13 00:00:00-05:00,223.76397540644066,226.4010754152989,222.5153482196322,224.8727569580078,48566200,0.0,0.0,226.36042114257813,,225.77867584228937,39.83292369193692,225.68431918196188,226.72466145716854,-1.0403422752066547,-0.4927455869175187,228.26814498901368,4.730209158523646,237.72856330606098,218.80772667196638
2024-11-14 00:00:00-05:00,224.77287777547028,228.61864039722624,224.7528954725484,227.9693603515625,44923900,0.0,0.0,226.4819757080078,,225.86458503873146,44.72325659424751,226.03586397728506,226.8168613752718,-0.780997397986738,-0.5503959491313626,228.08460388183593,4.663224452202488,237.4110527862409,218.75815497743096
2024-11-15 00:00:00-05:00,226.15134020310103,226.67077335813082,224.023689933323,224.7528839111328,47923700,0.0,0.0,226.57033172607422,,225.82098891608052,35.983317943464854,225.83848242864624,226.66397415570594,-0.8254917270596991,-0.6054151047170299,227.59805221557616,4.463784561487791,236.52562133855173,218.6704830926006
2024-11-18 00:00:00-05:00,225.00261496304853,229.4876892234719,224.92270099550518,227.7695770263672,44686000,0.0,0.0,226.71722595214842,,225.89740413609178,41.520033818026356,226.1355739052187,226.7458706646438,-0.610296759425097,-0.6063914356586433,227.18849716186523,4.008696348294959,235.20588985845515,219.1711044652753
2024-11-19 00:00:00-05:00,226.73070634208972,229.90722171238716,226.41106572007726,228.02928161621094,36211800,0.0,0.0,226.88527893066407,,225.98100717452783,47.25004020800944,226.42691355306366,226.84093814253765,-0.41402458947399623,-0.5679180664217139,226.82285919189454,3.5308870248708915,233.88463324163632,219.76108514215275
2024-11-20 00:00:00-05:00,227.80951934283004,229.67746064503265,225.64190448211673,228.7484893798828,35169600,0.0,0.0,227.01682830810546,,226.08953588846333,56.66901849439894,226.78407906488198,226.98223823419286,-0.19815916931088395,-0.493966286999548,226.74762191772462,3.469441498290844,233.6865049143063,219.80873892114292
2024-11-21 00:00:00-05:00,228.6286329426038,229.90722593821596,225.46211628612434,228.26902770996094,42108300,0.0,0.0,227.1365933227539,,226.17500615597305,63.00449145578403,227.01253270258644,227.07755597313866,-0.06502327055221713,-0.40817768371008184,226.65788955688475,3.4017092606471837,233.46130807817912,219.8544710355904
2024-11-22 00:00:00-05:00,227.80952873867182,230.46661102927646,227.80952873867182,229.61753845214844,38168300,0.0,0.0,227.28871643066407,,226.31000742248972,67.6462370527072,227.41330281790366,227.2657028234357,0.1475999944679529,-0.2970221480744749,226.59367599487305,3.328719429934992,233.25111485474304,219.93623713500307
2024-11-25 00:00:00-05:00,231.2058026888721,232.99383009111634,229.48769048234254,232.61424255371094,90152800,0.0,0.0,227.62410217285156,,226.55723232959645,69.70637901082384,228.21344739264325,227.66189095160422,0.5515564410390255,-0.12730643025177485,226.58001632690429,3.3019863549083803,233.18398903672104,219.97604361708753
2024-11-26 00:00:00-05:00,233.07373841155265,235.31128373473052,233.07373841155265,234.8018341064453,45986200,0.0,0.0,227.9938607788086,,226.8805500463356,74.21565405713002,229.2270453486128,228.19077562974059,1.0362697188722052,0.10540879957302118,226.6622657775879,3.4895895959393886,233.64144496946668,219.6830865857091
2024-11-27 00:00:00-05:00,234.21249554010248,235.43115689965902,233.55321672420507,234.67198181152344,33498400,0.0,0.0,228.283193359375,,227.18609639006846,68.0243522363766,230.0647278813683,228.67086497653932,1.3938629048289783,0.36309962062421264,226.91613082885743,3.8772957158206696,234.67072226049876,219.1615393972161
2024-11-29 00:00:00-05:00,234.55211454995276,237.5488197625333,233.71304074851764,237.06935119628906,28481400,0.0,0.0,228.4572326660156,,227.57367500992027,72.07322386603805,231.14236223750996,229.29297506689116,1.8493871706187974,0.6603571306231296,227.49890365600587,4.4702155030578385,236.43933466212155,218.55847264989018
2024-12-02 00:00:00-05:00,237.00941446483552,240.52553753151284,236.89953466637493,239.3268585205078,48137100,0.0,0.0,228.68979278564453,,228.0345841671982,83.36229852931125,232.4015155118173,230.036225693085,2.3652898187323217,1.0013436682449681,228.34422302246094,5.023588828217893,238.39140067889673,218.29704536602515
2024-12-03 00:00:00-05:00,239.54662188503684,242.49337894569658,238.6376176509325,242.3834991455078,38861000,0.0,0.0,229.01800964355468,,228.5972867153672,85.31442317435531,233.93720530161585,230.9508385414126,2.9863667602032535,1.3983482866366252,229.38727569580078,5.658239915701658,240.7037555272041,218.07079586439747
2024-12-04 00:00:00-05:00,242.60325739533934,243.84190102311462,240.9850414761411,242.74310302734375,44383900,0.0,0.0,229.33545806884766,,229.1520246099545,85.00979011781024,235.29195879788168,231.8243396144445,3.467619183437165,1.8122024659967333,230.3764663696289,6.180559734381136,242.73758583839117,218.01534690086663
2024-12-05 00:00:00-05:00,243.72204013219255,244.2714238935446,241.86408229295347,242.7730712890625,40033900,0.0,0.0,229.6734619140625,,229.68618330325288,82.96263327059111,236.44289918114026,232.63535677552733,3.807542405612935,2.211270453919974,231.40357513427733,6.456386077711138,244.31634728969962,218.49080297885504
2024-12-06 00:00:00-05:00,242.6432183998472,244.3613305629988,241.8141281502541,242.5732879638672,36870600,0.0,0.0,229.98452056884764,,230.19155995661032,95.83767685457892,237.3860359169444,233.37149982651547,4.014536090428919,2.571923581221763,232.1832176208496,6.825089160822525,245.83339594249466,218.53303929920455
2024-12-09 00:00:00-05:00,241.56440918324205,246.96847124510987,241.48449521514058,246.47900390625,44649200,0.0,0.0,230.3683056640625,,230.83028324875306,96.01971489073263,238.78495406914527,234.34242605464394,4.442528014501335,2.9460444678776776,233.171630859375,7.39821197870919,247.96805481679337,218.37520690195663
2024-12-10 00:00:00-05:00,246.61884065291167,247.93739821602466,245.0705399660552,247.4978790283203,36914800,0.0,0.0,230.66849670410156,,231.48391445579492,96.16301384137128,240.1254040628645,235.31690405269404,4.808500010170462,3.3185355763362345,234.34733810424805,7.722542051299924,249.7924222068479,218.9022540016482
2024-12-11 00:00:00-05:00,247.68767076725757,250.52454792031958,245.98952569372008,246.2192840576172,45205800,0.0,0.0,231.07861755371093,207.66935485839844,232.06177208723895,90.3553775401733,241.06292406205722,236.12448775676242,4.9384363052948,3.6425157221279476,235.45911560058593,7.752531974587534,250.964179549761,219.95405165141085
2024-12-12 00:00:00-05:00,246.61885092340057,248.46682524629017,245.41017310687806,247.68768310546875,32777500,0.0,0.0,231.50673156738281,208.0049563598633,232.67455291148326,92.89497544517212,242.0821177610436,236.98102074555547,5.101097015488136,3.9342319807999857,236.599861907959,7.791270822223965,252.18240355240692,221.01732026351107
2024-12-13 00:00:00-05:00,247.54782582286595,249.01619729452798,245.96955931284188,247.85748291015625,33155300,0.0,0.0,231.96039306640625,208.34474113464356,233.26996193103906,92.5046598305891,242.9706354762917,237.78668460959997,5.183950866691731,4.184175757978335,237.59426803588866,7.9001856142365385,253.39463926436173,221.7938968074156
2024-12-16 00:00:00-05:00,247.71764416028498,251.10392039685559,247.3780059899919,250.7642822265625,51694800,0.0,0.0,232.44963989257812,208.70448417663573,233.9560137073341,92.47312135116316,244.16965805325646,238.7479881367824,5.421669916474059,4.431674589677479,238.89483795166015,7.815518326331486,254.52587460432312,223.26380129899718
2024-12-17 00:00:00-05:00,249.80533943156328,253.5512208135588,249.50566587259755,253.20159912109375,51356400,0.0,0.0,233.08960876464843,209.09910667419433,234.71074254708938,92.56007697080629,245.55918744830836,239.8186259874721,5.740561460836261,4.693451963909236,240.16643905639648,7.977391753499663,256.1212225633958,224.21165554939716
2024-12-18 00:00:00-05:00,251.88305927654196,254.0007260278641,247.46791553993853,247.77757263183594,56774100,0.0,0.0,233.5396762084961,209.49139205932616,235.22316725629514,74.35041959628033,245.90047747654336,240.40817759075833,5.49229988578503,4.853221548284395,241.15385360717772,7.609743817047403,256.37334124127256,225.93436597308292
2024-12-19 00:00:00-05:00,247.22817727073837,251.72323503929724,246.81862390484895,249.51565551757812,60882300,0.0,0.0,233.9492709350586,209.8973444366455,235.78365699203175,73.70624037647212,246.45665871362561,241.08280558533755,5.3738531282880615,4.957347864285129,242.1922119140625,7.235579954815888,256.66337182369426,227.72105200443073
2024-12-20 00:00:00-05:00,247.76758181309805,254.71994465608725,245.42017186050566,254.21051025390625,147495300,0.0,0.0,234.4627407836914,210.3273681640625,236.50627868857583,75.94013595890065,247.64955895059185,242.0552281533797,5.594330797212166,5.084744450870536,243.48928604125976,6.926893201760817,257.3430724447814,229.63549963773812
2024-12-23 00:00:00-05:00,254.49020366493687,255.36922684225433,253.17164603591402,254.98965454101562,40858800,0.0,0.0,235.0215280151367,210.7526782989502,237.23111695729895,73.86538207108683,248.7788044260417,243.0133338117231,5.765470614318588,5.220889683560147,244.7578918457031,6.566666300964479,257.89122444763206,231.62455924377414
2024-12-24 00:00:00-05:00,255.2094124344067,257.92641115938613,255.0096198916901,257.91644287109375,23234700,0.0,0.0,235.56401580810547,211.18256980895995,238.04230620882032,76.18065706498616,250.1845949560497,244.11726781612091,6.0673271399287785,5.390177174833873,246.02300186157225,6.5412464600535385,259.10549478167934,232.94050894146517
2024-12-26 00:00:00-05:00,257.90642916266114,259.81433504408284,257.34704665632455,258.7355041503906,27237100,0.0,0.0,236.07199676513673,211.61416801452637,238.85380416731329,76.8120785759468,251.50011944748678,245.20010013717794,6.300019310308841,5.572145601928867,247.21968536376954,6.569556102676214,260.358797569122,234.0805731584171
2024-12-27 00:00:00-05:00,257.54682582842287,258.41589596104086,252.78207543596488,255.30929565429688,42355300,0.0,0.0,236.55276275634765,212.03908569335937,239.4991175589597,69.30068497363654,252.0861465562268,245.9489294347423,6.137217121484497,5.685159905839994,248.2515510559082,6.098853535159853,260.4492581262279,236.05384398558851
2024-12-30 00:00:00-05:00,251.95298524244893,253.22159473829512,250.47461491371794,251.9230194091797,35557500,0.0,0.0,236.9584194946289,212.43776596069335,239.98632939622323,58.38205533139964,252.0610500720657,246.39145461803395,5.669595454031764,5.682047015478348,248.99423446655274,5.544702486551262,260.08363943965526,237.90482949345022
2024-12-31 00:00:00-05:00,252.16275955239965,253.00183336212825,249.15605553782555,250.1449737548828,39480700,0.0,0.0,237.271640625,212.8294470977783,240.38470760636676,53.98258205753578,251.76626910019144,246.66949307261532,5.096776027576112,5.564992817897902,249.53514022827147,5.058319098742292,259.65177842575605,239.4185020307869
2025-01-02 00:00:00-05:00,248.65660659999048,248.826433311358,241.55442975303322,243.5821990966797,55740700,0.0,0.0,237.42407104492187,213.18284019470215,240.5100994295163,46.57677729324071,250.50718140734347,246.44080462995342,4.066376777390047,5.265269609796331,249.59507522583007,4.975545163730923,259.5461655532919,239.64398489836822
2025-01-03 00:00:00-05:00,243.0927276611328,243.91181916074598,241.624340886356,243.0927276611328,40244100,0.0,0.0,237.57908477783204,213.52204147338867,240.61137896801105,43.87970081292353,249.36649621561872,246.19279892855928,3.17369728705944,4.846955145248954,249.61255645751953,4.950756629170646,259.51406971586084,239.71104319917825
2025-01-06 00:00:00-05:00,244.04168187374515,247.05836939894766,242.93290033169586,244.73092651367188,45045600,0.0,0.0,237.86863861083984,213.85654457092286,240.77292985215462,45.99231878377353,248.65333164608845,246.08451208301207,2.5688195630763744,4.3913280288144385,249.71044921875,4.826189117225906,259.3628274532018,240.05807098429818
2025-01-07 00:00:00-05:00,242.71314361950866,245.28032844029428,241.08494412707995,241.94400024414062,40856000,0.0,0.0,238.1062451171875,214.21344146728515,240.8188541812521,38.6591380846063,247.62112681501952,245.7778075023549,1.8433193126646188,3.8817262855844747,249.67898483276366,4.8769532403069356,259.4328913133775,239.9250783521498
2025-01-08 00:00:00-05:00,241.65429905026372,243.44234164075266,239.78635773622742,242.43344116210938,37628900,0.0,0.0,238.33687774658202,214.56825691223145,240.8821713177563,35.42452374244792,246.82302132995642,245.53007666233674,1.292944667619679,3.3639699619915158,249.47670669555663,5.095655949264055,259.66801859408474,239.28539479702852
2025-01-10 00:00:00-05:00,239.7463920626497,239.8962364632009,232.74409661721964,236.58987426757812,61710900,0.0,0.0,238.41092651367188,214.90097091674804,240.7138459432395,35.02670575150846,245.24869101266745,244.86783944791017,0.380851564757279,2.7673462825446684,248.93130645751953,5.846969274352801,260.6252450062251,237.23736790881392
2025-01-13 00:00:00-05:00,233.27352322575203,234.41227060505477,229.46771001708314,234.14256286621094,49630700,0.0,0.0,238.43064086914063,215.22712158203126,240.45614856766977,29.808415727089923,243.5400559132126,244.07337451593244,-0.5333186027198451,2.107213305491766,248.3274703979492,6.702762415540384,261.73299522903,234.92194556686843
2025-01-14 00:00:00-05:00,234.49217517741417,235.8606656353981,232.21468051006943,233.02378845214844,39435300,0.0,0.0,238.49922302246094,215.52976303100587,240.16468346510032,19.28747466784519,241.92216861151041,243.25488665935586,-1.3327180478454466,1.4192270348243234,247.5942756652832,7.527686857205885,262.64964937969495,232.53890195087143
2025-01-15 00:00:00-05:00,234.38230107288462,238.6975638581554,234.17252500331003,237.60874938964844,39832000,0.0,0.0,238.7431201171875,215.8644362640381,240.06445075625908,27.308223285130595,241.25856565430087,242.83665426900717,-1.578088614706303,0.8197639049181982,247.08183898925782,7.850728926907191,262.7832968430722,231.38038113544343
2025-01-16 00:00:00-05:00,237.089336348529,237.74859991927732,227.7795647267042,228.00930786132812,71759100,0.0,0.0,238.85489685058593,216.15832817077637,239.5917000544971,16.748021161895565,239.22021830153585,241.7383323128828,-2.5181140113469382,0.15218832166517082,245.9440902709961,8.871469828683267,263.6870299283626,228.20115061362958
2025-01-17 00:00:00-05:00,231.86506609768284,232.03487756376998,228.22906438809179,229.7274169921875,68488300,0.0,0.0,239.01899627685546,216.46673278808595,239.20486542460262,18.379769961385236,237.75978733086686,240.8486348817202,-3.0888475508533304,-0.49601885283852953,244.77038116455077,9.39796662692417,263.5663144183991,225.97444791070242
2025-01-21 00:00:00-05:00,223.75398423747347,224.17352112887505,219.13906319002535,222.39547729492188,98070400,0.0,0.0,239.00772003173827,216.73444671630858,238.54567373324258,16.93755805362852,235.39604732533687,239.48173431973512,-4.085686994398259,-1.2139524811504754,243.50127639770508,10.606587680266477,264.71445175823806,222.28810103717214
2025-01-22 00:00:00-05:00,219.54859611049605,223.87384226456615,219.54859611049605,223.58416748046875,64126500,0.0,0.0,239.03478546142577,217.01223449707032,237.9589479978397,20.218316004655478,233.578835041511,238.30413677608576,-4.725301734574742,-1.9162223318353289,242.2047019958496,11.388800385043503,264.9823027659366,219.4271012257626
2025-01-23 00:00:00-05:00,224.493183388126,226.78066167492807,222.05586069453574,223.41436767578125,60234800,0.0,0.0,238.96346405029297,217.2853911590576,237.38857229893543,20.92565650651204,232.01507083139876,237.20119091680394,-5.186120085405179,-2.570201882549299,240.66489486694337,11.756090967850328,264.177076802644,217.15271293124272
2025-01-24 00:00:00-05:00,224.53312753788666,225.38220009721186,221.16683361690275,222.5353240966797,54697900,0.0,0.0,238.8799557495117,217.5597760772705,236.80609197727833,23.87796657932354,230.55664825682658,236.11483041160955,-5.558182154782969,-3.167797936996033,239.04217834472655,11.913562020716297,262.8693023861591,215.21505430329395
2025-01-27 00:00:00-05:00,223.77396171163917,231.89502211760887,223.73399710835045,229.6075439453125,94863400,0.0,0.0,238.99243194580077,217.86345077514648,236.5237959760248,35.61378565807898,230.41063220890135,235.63280919188384,-5.222176982982489,-3.5786737461933242,237.6267333984375,11.214255536046943,260.05524447053136,215.1982223263436
2025-01-28 00:00:00-05:00,230.59647127201654,239.9262098046868,230.55650666713984,237.99832153320312,75707600,0.0,0.0,239.27272369384767,218.21848503112793,236.58162050767885,43.72204481025899,231.5779690280247,235.80803232827785,-4.230063300253136,-3.7089516570052865,236.58987426757812,10.059003181925819,256.70788063142976,216.4718679037265
2025-01-29 00:00:00-05:00,233.86287156365174,239.5965730646729,233.75299176206667,239.0971221923828,45486100,0.0,0.0,239.55721099853517,218.54288383483888,236.68026763256918,47.259079181765216,232.73476182254134,236.05166861450783,-3.3169067919664883,-3.630542683997527,235.7792655944824,9.076328906472247,253.9319234074269,217.62660778153793
2025-01-30 00:00:00-05:00,238.40787147181928,240.52553823889048,236.94948349745044,237.3290557861328,55658300,0.0,0.0,239.74440490722657,218.850927734375,236.70571030525795,45.203682308419566,233.44157627847846,236.14628988648005,-2.7047136080015832,-3.4453768687983386,235.04956741333007,8.260072179013834,251.56971177135773,218.5294230553024
2025-01-31 00:00:00-05:00,246.91852728753366,246.91852728753366,233.18362815459494,235.74081420898438,101075100,0.0,0.0,239.9641635131836,219.17023971557617,236.66787124265898,49.13283663592229,233.79530519086398,236.11625465110998,-2.3209494602459984,-3.2204913870878706,234.32935943603516,7.4642290628548436,249.25781756174484,219.40090131032548
2025-02-03 00:00:00-05:00,229.73741895869952,231.5753945205246,225.45212191586603,227.75958251953125,73063300,0.0,0.0,239.96396362304688,219.46611770629883,236.31852658685006,44.142990476505176,232.86673247219738,235.49724190062267,-2.6305094284252846,-3.102494995355354,233.53822860717773,7.2678410670143485,248.07391074120642,219.00254647314904
2025-02-04 00:00:00-05:00,227.00041910872287,232.87396618357337,226.40107197135944,232.54432678222656,45067300,0.0,0.0,240.05426452636718,219.79278701782226,236.17051875137463,49.587780178814874,232.81713159681726,235.27850744740815,-2.4613758505908834,-2.9742711664024597,233.01080856323242,6.912021230560753,246.83485102435392,219.1867661021109
2025-02-05 00:00:00-05:00,228.27901582634638,232.4144684638066,228.0193068583431,232.21469116210938,39620300,0.0,0.0,240.12358856201172,220.12258560180663,236.01538825767798,44.99630425323693,232.72444845301604,235.05155809294158,-2.3271096399255384,-2.8448388611070756,232.3849967956543,6.33779200767361,245.06058081100153,219.70941278030708
2025-02-06 00:00:00-05:00,231.0359788855247,233.54323203112875,230.17692277145878,232.9638671875,29925300,0.0,0.0,240.2174853515625,220.46628219604492,235.89572076472984,55.49889785627287,232.76128210447513,234.89691432216813,-2.1356322176930007,-2.702997532424261,231.93599014282228,5.929910568397828,243.79581127961794,220.07616900602662
2025-02-07 00:00:00-05:00,232.3445476829273,233.74300400322835,227.0104008794231,227.3800048828125,39707200,0.0,0.0,240.17273468017578,220.7778791809082,235.56177112230174,47.60057945444688,231.93339330114242,234.34010621554918,-2.406712914406768,-2.6437406088207624,231.1833183288574,5.464445723474012,242.11220977580544,220.25442688190938
2025-02-10 00:00:00-05:00,229.57000732421875,230.58999633789062,227.1999969482422,227.64999389648438,33115600,0.25,0.0,240.07344970703124,221.08555099487305,235.25150534874027,56.277155862895654,231.27440877734887,233.8445423400629,-2.570133562714034,-2.629019199599417,230.73632431030273,5.363623262823303,241.46357083594933,220.00907778465614
2025-02-11 00:00:00-05:00,228.1999969482422,235.22999572753906,228.1300048828125,232.6199951171875,53718400,0.0,0.0,240.0298129272461,221.40752265930175,235.14830886907154,59.89997906896342,231.48142206040097,233.75383513836843,-2.2724130779674567,-2.557697975273025,230.66019592285156,5.323386731583184,241.30696938601793,220.0134224596852
2025-02-12 00:00:00-05:00,231.1999969482422,236.9600067138672,230.67999267578125,236.8699951171875,45243300,0.0,0.0,240.0737731933594,221.74641471862793,235.21582597684082,63.53254921314823,232.3104332999066,233.98466180346614,-1.674228503559533,-2.381004080930327,230.8525062561035,5.4804237767849235,241.81335380967334,219.89165870253368
2025-02-13 00:00:00-05:00,236.91000366210938,242.33999633789062,235.57000732421875,241.52999877929688,53614100,0.0,0.0,240.16298614501954,222.11154296875,235.46344059654498,67.75311091417679,233.72882798904357,234.54357565352768,-0.8147476644841163,-2.0677527976410848,231.04856872558594,5.795910836889676,242.6403903993653,219.4567470518066
2025-02-14 00:00:00-05:00,241.25,245.5500030517578,240.99000549316406,244.60000610351562,40896200,0.0,0.0,240.2684490966797,222.47111991882323,235.82173728309286,65.14557258220154,235.40131692973156,235.28849642760088,0.11282050213068828,-1.6316381376867302,231.87810363769532,6.484397675851217,244.84689898939774,218.9093082859929
2025-02-18 00:00:00-05:00,244.14999389648438,245.17999267578125,241.83999633789062,244.47000122070312,48822500,0.0,0.0,240.3101791381836,222.84582237243652,236.16088488848936,57.84754889915835,236.7964991283426,235.9686078937566,0.8278912345859908,-1.139732263232186,232.6152328491211,7.041097751435616,246.69742835199233,218.53303734624987
2025-02-19 00:00:00-05:00,244.66000366210938,246.00999450683594,243.16000366210938,244.8699951171875,32204200,0.0,0.0,240.35271697998047,223.22765060424805,236.50241862294814,57.12085718835203,238.03857543431874,236.62796991030703,1.4106055240117144,-0.6296647057834059,233.73895874023438,7.117231463709233,247.97342166765284,219.50449581281592
2025-02-20 00:00:00-05:00,244.94000244140625,246.77999877929688,244.2899932861328,245.8300018310547,32316900,0.0,0.0,240.4138555908203,223.5957165527344,236.86820619973665,60.69923204618938,239.23725641843197,237.3096019044365,1.9276545139954635,-0.11820086182763201,234.85125045776368,7.184685359734288,249.22062117723226,220.4818797382951
2025-02-21 00:00:00-05:00,245.9499969482422,248.69000244140625,245.22000122070312,245.5500030517578,53197400,0.0,0.0,240.47338989257813,223.9108757019043,237.20866882138452,62.7661792712303,240.20844820817442,237.92000198942327,2.2884462187511474,0.3631285542881239,235.9580322265625,7.033514028799289,250.02506028416107,221.89100416896392
2025-02-24 00:00:00-05:00,244.92999267578125,248.86000061035156,244.4199981689453,247.10000610351562,51326400,0.0,0.0,240.48580993652342,224.2420955657959,237.59656440107597,80.23129014161906,241.26868788438077,238.60000229417085,2.6686855902099182,0.8242399614724828,237.1862663269043,6.703256790949711,250.59277990880372,223.77975274500488
2025-02-25 00:00:00-05:00,248.0,250.0,244.91000366210938,247.0399932861328,48013300,0.0,0.0,240.4766522216797,224.5695816040039,237.966894945588,76.58516763978938,242.15658102311187,239.22518681209397,2.9313942110179028,1.2456708113815669,238.05788879394532,6.7986212536135575,251.65513130117245,224.4606462867182
2025-02-26 00:00:00-05:00,244.3300018310547,244.97999572753906,239.1300048828125,240.36000061035156,44433600,0.0,0.0,240.35946655273438,224.8619757080078,238.0607422265591,62.11628946848762,241.88018403653336,239.3092470934464,2.570936943086963,1.510724037722646,238.17597274780275,6.818014305017907,251.81200135783857,224.53994413776692
2025-02-27 00:00:00-05:00,239.41000366210938,242.4600067138672,237.05999755859375,237.3000030517578,41078200,0.0,0.0,240.15171295166016,225.12996269226073,238.03090931774338,56.03517298296271,241.17554080810635,239.16041420146948,2.015126606636869,1.6116045515054906,238.08611679077148,6.817077576336488,251.72027194344446,224.4519616380985
