Date,Open,High,Low,Close,Volume,Dividends,Stock Splits,SMA_50,SMA_200,EMA_50,EMA_12,EMA_26,MACD,Signal_Line,Daily_Return,Volatility
2024-02-28 00:00:00-05:00,181.65227187035535,182.25940572629614,179.28346722817705,180.56739807128906,48953900,0.0,0.0,,,180.56739807128906,180.56739807128906,180.56739807128906,0.0,0.0,,
2024-02-29 00:00:00-05:00,180.41810366151438,181.71199718953457,178.6862755375109,179.90054321289062,136682600,0.0,0.0,,,180.54124690037148,180.46480501615085,180.5180014151114,-0.053196398960551505,-0.010639279792110302,-0.00369310775655729,
2024-03-01 00:00:00-05:00,178.70617492699984,179.68156498512658,176.54637506189474,178.81565856933594,73488000,0.0,0.0,,,180.47357676974264,180.21109017817932,180.39190194505395,-0.1808117668746263,-0.0446737772086135,-0.006030468970129044,
2024-03-04 00:00:00-05:00,175.3221528407019,176.0686281128373,172.9732433768994,174.277099609375,81510100,0.0,0.0,,,180.2305776654145,179.29816855220943,179.93895362389253,-0.6407850716830978,-0.1638960361035104,-0.025381216590722122,
2024-03-05 00:00:00-05:00,169.9574719243141,171.23145507958293,168.82283020205665,169.3204803466797,95132400,0.0,0.0,,,179.80273071173863,177.76313959751255,179.15240004780267,-1.3892604502901236,-0.4089689189408331,-0.028441024516732805,
2024-03-06 00:00:00-05:00,170.256065044738,170.43522699407845,167.88724549652,168.32518005371094,68587700,0.0,0.0,,,179.35263068593363,176.31114582154308,178.350383751944,-2.0392379304009296,-0.7350227212328524,-0.0058782038116764745,
2024-03-07 00:00:00-05:00,168.35503848083317,169.92761476617306,167.6981518296525,168.20574951171875,71765100,0.0,0.0,,,178.91549809086638,175.0641617738778,177.59892936377918,-2.534767589901378,-1.0949716949665576,-0.0007095227342343025,
2024-03-08 00:00:00-05:00,168.20576217934803,172.8836708711805,168.14604658720506,169.92762756347656,76114600,0.0,0.0,,,178.56303257998835,174.27392574150838,177.030684785979,-2.7567590444706127,-1.4273291648673687,0.010236737190947531,
2024-03-11 00:00:00-04:00,172.12725037151972,173.56048535052068,171.2414336396481,171.93814086914062,60139500,0.0,0.0,,,178.30323290505314,173.91457422268257,176.6534593106576,-2.738885087975035,-1.689640349488902,0.011831585802096978,
2024-03-12 00:00:00-04:00,172.3362371923594,173.2121062975323,170.20629520329734,172.41586303710938,59825400,0.0,0.0,,,178.07235565532986,173.68400327105593,176.33956329039478,-2.65556001933885,-1.8828242834588917,0.0027784537250077346,
2024-03-13 00:00:00-04:00,171.9580519129805,172.37607625258147,169.95748841772314,170.3257598876953,52488700,0.0,0.0,,,177.76856758601085,173.1673504428466,175.8940963716763,-2.7267459288297005,-2.0516086125330535,-0.012122452729098399,
2024-03-14 00:00:00-04:00,172.0973925529764,173.49080701178275,171.2414336176872,172.1869659423828,72913500,0.0,0.0,,,177.54968124704504,173.01652205815986,175.61949411765457,-2.6029720594947037,-2.1618813019253835,0.010927331578703514,
2024-03-15 00:00:00-04:00,170.36554869703198,171.80873107910156,169.4896795825833,171.80873107910156,121664700,0.0,0.0,,,177.3245459463414,172.83070806138167,175.33721537405805,-2.5065073126763764,-2.230806504075582,-0.002196652117140041,
2024-03-18 00:00:00-04:00,174.7448914522954,176.87483361469177,172.70452267737835,172.90357971191406,75604200,0.0,0.0,,,177.1511747214619,172.8419190845405,175.15694606575107,-2.315026981210565,-2.2476505995025784,0.00637248541407609,
2024-03-19 00:00:00-04:00,173.52065910891577,175.77999515234478,172.2168180823409,175.2524871826172,55215200,0.0,0.0,,,177.07671638660523,173.21277571501383,175.16402318551891,-1.9512474705050806,-2.188369973703079,0.013585071371088997,
2024-03-20 00:00:00-04:00,174.89417408943874,177.83030700683594,174.2671300256647,177.83030700683594,53423100,0.0,0.0,,,177.1062689599476,173.92316514452494,175.36152569080167,-1.4383605462767264,-2.0383680882178083,0.014709176832010451,
2024-03-21 00:00:00-04:00,176.21791925324277,176.65585381045534,170.037097774542,170.56460571289062,106181300,0.0,0.0,,,176.84973314633754,173.4064636935043,175.00619828503048,-1.599734591526186,-1.950641388879484,-0.040857497331239556,
2024-03-22 00:00:00-04:00,170.95279171103329,172.23673773536032,169.26078406375387,171.47035217285156,71106600,0.0,0.0,,,176.63877702973025,173.10860038263462,174.7442837582024,-1.635683375567794,-1.8876497862171462,0.005310283784700109,
2024-03-25 00:00:00-04:00,169.76839047714014,171.13194711675717,168.65364374159117,170.0470733642578,54288300,0.0,0.0,,,176.38027884677055,172.63759622596126,174.39634224753985,-1.7587460215785882,-1.8618690332894348,-0.00830043672598868,
2024-03-26 00:00:00-04:00,169.20106023000122,170.61438491064948,168.78303590364706,168.9124298095703,57388400,0.0,0.0,,,176.08742202178232,172.06449370036268,173.99012651139395,-1.925632811031278,-1.8746217888378036,-0.0066725262142970365,
2024-03-27 00:00:00-04:00,169.60914876354798,172.78415954350993,169.31055559917013,172.49551391601562,60273300,0.0,0.0,,,175.94656288037973,172.13080450277081,173.87941446729184,-1.7486099645210231,-1.8494194239744475,0.021212672806168564,
2024-03-28 00:00:00-04:00,170.94283813483634,171.4205780589011,169.70866021166748,170.67410278320312,65672700,0.0,0.0,,,175.73979973931398,171.90669654591426,173.64198397217416,-1.7352874262599016,-1.8265930244315385,-0.010559179722779977,
2024-04-01 00:00:00-04:00,170.38546326457012,170.4451788535061,168.68349304450714,169.2309112548828,46240500,0.0,0.0,,,175.48454921051274,171.49503727037097,173.3152378449674,-1.8202005745964414,-1.8253145344645192,-0.0084558319322382,
2024-04-02 00:00:00-04:00,168.28538634231538,168.54415896803064,167.43937496323824,168.0465087890625,49329500,0.0,0.0,,,175.19286135084803,170.96449442709275,172.92496161860407,-1.9604671915113272,-1.852345065873881,-0.006998735969910741,
2024-04-03 00:00:00-04:00,167.99673277562965,169.8778497555363,167.78772821512752,168.85269165039062,47691700,0.0,0.0,,,174.94422724494774,170.6396016922155,172.62331199132902,-1.9837102991135112,-1.878618112521807,0.004797379410839575,
2024-04-04 00:00:00-04:00,169.48968886138192,171.11203328162168,168.026611328125,168.026611328125,53704400,0.0,0.0,,,174.67294818938606,170.23760317466312,172.2828156459065,-2.0452124712433886,-1.9119369842661234,-0.004892313614852095,
2024-04-05 00:00:00-04:00,168.79298281447828,169.5892261323792,168.15599119757314,168.7830352783203,42055200,0.0,0.0,,,174.44197121248155,170.01382349830268,172.02357265571493,-2.0097491574122444,-1.9314994188953478,0.004501810422863128,
2024-04-08 00:00:00-04:00,168.23561647794648,168.40481571452685,167.4493358859462,167.65834045410156,37425500,0.0,0.0,,,174.1759464768588,169.6514414915025,171.7002221222621,-2.0487806307595804,-1.9549556612681944,-0.006663553729580385,
2024-04-09 00:00:00-04:00,167.90717701117094,169.2806964440478,167.55883097808936,168.87261962890625,42451200,0.0,0.0,,,173.9679728749783,169.53162274341076,171.4907700857172,-1.9591473423064372,-1.9557939974758431,0.007242581380179525,
2024-04-10 00:00:00-04:00,168.00671152069506,168.29534195603523,166.3246514051182,166.9915008544922,49709300,0.0,0.0,,,173.69438573692003,169.1408347605002,171.15749088340425,-2.0166561229040383,-1.9679664225614821,-0.011139276328796077,
2024-04-11 00:00:00-04:00,167.5488670137579,174.63541624491384,167.36972023014152,174.21737670898438,91070300,0.0,0.0,,,173.7148951868049,169.92184121411316,171.38414909270648,-1.4623078785933217,-1.8668347137678503,0.04327091988225473,0.015671423656479524
2024-04-12 00:00:00-04:00,173.44102962389059,177.52176704196785,173.39127675717174,175.72027587890625,101593300,0.0,0.0,,,173.79353756688732,170.8139080856198,171.70534366946202,-0.8914355838422239,-1.671754887782725,0.008626574445741664,0.01576157554188419
2024-04-15 00:00:00-04:00,174.53585255667426,175.7998881273465,171.68929323241036,171.87840270996094,73531800,0.0,0.0,,,173.71843423916474,170.97767648936457,171.71816285764712,-0.7404863682825464,-1.4855011838826895,-0.021863573510394807,0.01620630235499215
2024-04-16 00:00:00-04:00,170.94285690412892,172.94340539530876,167.47921549696915,168.58399963378906,73711200,0.0,0.0,,,173.51708386248336,170.60941851158373,171.4860026188428,-0.8765841072590774,-1.3637177685579671,-0.01916705661810847,0.015923705212165098
2024-04-17 00:00:00-04:00,168.81289870293196,169.84800441976404,167.21046447753906,167.21046447753906,50901200,0.0,0.0,,,173.26976545523064,170.0865025063461,171.16929608985734,-1.0827935835112328,-1.3075329315486202,-0.008147482318806576,0.015128256116223988
2024-04-18 00:00:00-04:00,167.24029654336022,167.84743029154777,165.76725645436014,166.25494384765625,43122900,0.0,0.0,,,172.99467441179635,169.49703194347074,170.80526999784243,-1.3082380543716852,-1.3076739561132333,-0.005714478653404909,0.015126206538322024
2024-04-19 00:00:00-04:00,165.42888374733738,165.6179780634261,163.3088890664717,164.2245635986328,67772100,0.0,0.0,,,172.65074849755464,168.68588296734183,170.31781026456764,-1.6319272972258148,-1.3725246243357496,-0.012212450361078764,0.015281886607497583
2024-04-22 00:00:00-04:00,164.74211969252124,166.47393259764522,163.9956444231876,165.06060791015625,48116400,0.0,0.0,,,172.35309592549982,168.1281483431594,169.92838786794456,-1.8002395247851553,-1.4580676044256309,0.005090860302523037,0.015183629639098247
2024-04-23 00:00:00-04:00,164.57291251221173,166.26492000363532,164.14492548116624,166.11561584472656,49537800,0.0,0.0,,,172.1084888635087,167.81852795878513,169.64596031066918,-1.827432351884056,-1.531940553917316,0.006391639700882301,0.015058842211228331
2024-04-24 00:00:00-04:00,165.75732156896873,168.50436038665487,165.4288858023208,168.22567749023438,48251800,0.0,0.0,,,171.9562217508313,167.88116634823888,169.54075417582214,-1.659587827583266,-1.5574700086505062,0.012702367774262369,0.01525331717253867
2024-04-25 00:00:00-04:00,168.73327450279362,169.80820075027214,167.3597550998357,169.09158325195312,50558300,0.0,0.0,,,171.84388298616943,168.06738433342568,169.50748225553554,-1.4400979221098567,-1.5339955913423764,0.005147286517951599,0.015133064638397265
2024-04-26 00:00:00-04:00,169.081624768213,170.53475474394267,168.38490238817732,168.5043487548828,44838400,0.0,0.0,,,171.7129208594523,168.1346096290345,169.433176070302,-1.2985664412675249,-1.486909761327406,-0.0034728783406996477,0.014997962237978509
2024-04-29 00:00:00-04:00,172.55520693212748,175.20270935632288,172.28648678772151,172.68460083007812,68169400,0.0,0.0,,,171.7510259563396,168.8346082753489,169.67402234880396,-0.8394140734550604,-1.3574106237529369,0.024807977396928527,0.015693805195738736
2024-04-30 00:00:00-04:00,172.51541154910535,174.1676137755898,169.20105955998108,169.52951049804688,65934800,0.0,0.0,,,171.66390770307322,168.94151630961014,169.6633177672664,-0.7218014576562553,-1.2302887905336004,-0.01827082621649545,0.016006200857449523
2024-05-01 00:00:00-04:00,168.78303163206596,171.89832652202932,168.31523926242042,168.5043487548828,50383100,0.0,0.0,,,171.54000343059516,168.87425976272903,169.57746821079354,-0.7032084480645153,-1.1248727220397834,-0.006047099057576055,0.0158091979978209
2024-05-02 00:00:00-04:00,171.69926693100732,172.6049939419865,170.08688513916925,172.21682739257812,94214900,0.0,0.0,,,171.56654554675137,169.38850093655196,169.77297629833313,-0.3844753617811705,-0.9767932499880609,0.0220319455558724,0.01611664563979093
2024-05-03 00:00:00-04:00,185.7727942523785,186.12115543095717,181.80155578938326,182.51817321777344,163224100,0.0,0.0,,,171.99602114169343,171.40845051827836,170.71706495903243,0.6913855592459299,-0.6431574881412628,0.059816139811429636,0.017901436535564117
2024-05-06 00:00:00-04:00,181.4930249418685,183.3343214775735,179.5720873686165,180.8560333251953,78569700,0.0,0.0,,,172.34347259986998,172.86192479626558,171.46809965282227,1.3938251434433084,-0.23576096182434858,-0.009106709010258007,0.018014118985071388
2024-05-07 00:00:00-04:00,182.58785409480518,184.0310366275269,180.46787458450643,181.54278564453125,77305800,0.0,0.0,,,172.7042299741704,174.19744184984492,172.21437268924518,1.9830691605997401,0.20800506266046917,0.0037972320121668623,0.017912283694688644
2024-05-08 00:00:00-04:00,181.9906634485607,182.20963072654146,180.5972339353124,181.8811798095703,45057100,0.0,0.0,171.58898376464845,,173.06411035987236,175.37955538211037,172.93043247593593,2.4491229061744377,0.6562286313632629,0.0018639912560427518,0.01783188022014458
2024-05-09 00:00:00-04:00,181.70204263297254,183.792179594264,181.2541604804327,183.70260620117188,48983000,0.0,0.0,171.6516879272461,,173.48130627521743,176.66002473888906,173.72837127039784,2.93165346849122,1.1113135987888545,0.01001437528340543,0.017544135811262004
2024-05-10 00:00:00-04:00,184.28063783698332,184.47000383075684,181.51992740382525,182.4368438720703,50759500,0.25,0.0,171.7024139404297,,173.8325038280352,177.54876614399387,174.37344331496618,3.1753228290276923,1.524115444836622,-0.006890279649682474,0.01746439903639543
2024-05-13 00:00:00-04:00,184.8188233059542,186.47326635748277,184.0015628078464,185.656005859375,72044800,0.0,0.0,171.83922088623046,,174.29617057436224,178.79603379251404,175.20918868862609,3.5868451038879527,1.9366613766468883,0.017645350133123516,0.017556459736539246
2024-05-14 00:00:00-04:00,186.8819036535792,187.66926595480425,185.6659889969534,186.8021697998047,52393600,0.0,0.0,172.08972229003905,,174.78660191653645,180.0277470244049,176.06792803019488,3.959818994210025,2.341292900159516,0.006173589349422137,0.017456026776616115
2024-05-15 00:00:00-04:00,187.28056849688068,190.0113806876588,186.74236879853999,189.08450317382812,70400000,0.0,0.0,172.48500274658204,,175.34730392662632,181.42109412431614,177.03211878157512,4.38897534274102,2.750829388675817,0.012217916828639597,0.017524876792101844
2024-05-16 00:00:00-04:00,189.83199615864385,190.45989075478766,189.02471179656044,189.2041015625,52845200,0.0,0.0,172.90258117675782,,175.89070775548413,182.61847988403673,177.9337471357177,4.684732748319021,3.137610060604458,0.0006325129064750357,0.01745792399729376
2024-05-17 00:00:00-04:00,188.87519880271202,190.17084727488813,188.54630236847427,189.23399353027344,41282900,0.0,0.0,173.3231460571289,,176.4139738642994,183.636251214227,178.7708024242033,4.865448790023692,3.483177806488305,0.00015798794807597716,0.017472563871616078
2024-05-20 00:00:00-04:00,188.69582178398366,191.27714266640717,188.37688635675946,190.40008544921875,44361300,0.0,0.0,173.73259521484374,,176.9624488284139,184.67684109653342,179.63223079642668,5.04461030010674,3.795464305211992,0.006162169371322523,0.017360095520616497
2024-05-21 00:00:00-04:00,190.44991454290118,192.08442053272114,190.28048580582154,191.70570373535156,42309400,0.0,0.0,174.12794647216796,,177.5406156875095,185.7582045794285,180.52656212523593,5.231642454192581,4.08269993500811,0.0068572358203118355,0.017358056099847117
2024-05-22 00:00:00-04:00,191.625965130265,192.17412585880137,189.63266445026173,190.2605438232422,34648500,0.0,0.0,174.48484008789063,,178.0394363987147,186.45087215539985,181.24759780656973,5.203274348830121,4.306814817772512,-0.00753842939438254,0.01725921625262422
2024-05-23 00:00:00-04:00,190.34027016979292,190.36020743395642,186.0048504863481,186.25401306152344,51005900,0.0,0.0,174.8034051513672,,178.36157666000133,186.42058614095734,181.61844338101076,4.802142759946577,4.405880406207325,-0.02105812735109669,0.01624227045410054
2024-05-24 00:00:00-04:00,188.1875250894915,189.94162421863646,187.41012383078694,189.3436279296875,36294600,0.0,0.0,175.14653839111327,,178.79224533724394,186.87028487768507,182.19067927350534,4.679605604179727,4.4606254458018055,0.01658817878540697,0.016412430267254845
2024-05-28 00:00:00-04:00,190.86848939299406,192.35350378297326,188.46657377923762,189.3535919189453,52280100,0.0,0.0,175.49743560791015,,179.2064157914283,187.25233211480202,182.7212653953898,4.531066719412223,4.474713700523889,5.262384251714103e-05,0.015759824366462796
2024-05-29 00:00:00-04:00,188.97487295416659,191.6060292626522,188.8752018363686,189.652587890625,53068000,0.0,0.0,175.83241577148436,,179.61606959923995,187.6216022341594,183.23469669133314,4.38690554282627,4.457152068984366,0.0015790351196911523,0.015182256319850715
2024-05-30 00:00:00-04:00,190.12102272627732,191.53626445370173,189.99146851693155,190.6492462158203,49947900,0.0,0.0,176.14035095214842,,180.04874319204703,188.0873936159534,183.7839225820359,4.3034710339175035,4.426415861970994,0.005255179147727107,0.015007373476226268
2024-05-31 00:00:00-04:00,190.79873376551856,191.92495345858123,189.2738600399137,191.60601806640625,75158300,0.0,0.0,176.41586517333985,,180.50196965770817,188.6287204544846,184.36333706235962,4.265383392124988,4.394209368001793,0.0050184927010035185,0.01488315746639936
2024-06-03 00:00:00-04:00,192.25384615761888,194.33685694398167,191.8751293663799,193.38006591796875,50080500,0.0,0.0,176.8721743774414,,181.0069930404635,189.359696679636,185.03124290351587,4.328453776120114,4.3810582496254575,0.00925883158298113,0.014546973857225372
2024-06-04 00:00:00-04:00,193.98801176077237,194.66574186569684,192.38340418619828,193.69898986816406,47471400,0.0,0.0,177.31674713134765,,181.50471840625568,190.02728024710186,185.67329823423057,4.353982012871285,4.375643002274623,0.0016492079919478986,0.014564383104003842
2024-06-05 00:00:00-04:00,194.74547082752238,196.24044634116564,194.2172473626493,195.21389770507812,54156800,0.0,0.0,177.82008361816406,,182.0423332807193,190.82522139448284,186.3800093061452,4.445212088337627,4.389556819487224,0.0078209382400245,0.014569913471005393
2024-06-06 00:00:00-04:00,195.0345211925245,195.84180559150522,193.51960831096955,193.8285675048828,41181800,0.0,0.0,178.3184063720703,,182.50453854441201,191.2872746422367,186.93175435790357,4.355520284333124,4.382749512456404,-0.007096473235159828,0.014680203606808991
2024-06-07 00:00:00-04:00,193.99796669662618,196.28030430445062,193.48968053965237,196.23046875,53103900,0.0,0.0,178.79310546875,,183.04281031718017,192.04776604343104,187.62054801657737,4.427218026853666,4.391643215335857,0.012391884622769522,0.01474495130111939
2024-06-10 00:00:00-04:00,196.2404356269631,196.63910486677477,191.50634675889475,192.4730987548828,97262100,0.0,0.0,179.2290853881836,,183.41262555003127,192.11320184519286,187.9799962194148,4.133205625778061,4.339955697424298,-0.019147739997014024,0.015324696886116191
2024-06-11 00:00:00-04:00,193.00133588013964,206.46609195915696,192.9814138224934,206.45611572265625,172373300,0.0,0.0,179.97358947753906,,184.31629183131068,194.31980398018723,189.34859766409934,4.971206316087887,4.466205821157016,0.0726492016714555,0.019441272539368483
2024-06-12 00:00:00-04:00,206.67538853844061,219.46241499269527,206.20696163392407,212.35630798339844,198134300,0.0,0.0,180.8597854614258,,185.41590030786313,197.09465074991203,191.05287250256592,6.041778247346116,4.781320306394836,0.028578432952154564,0.019293104901313047
2024-06-13 00:00:00-04:00,214.02069454325613,216.02395620562416,210.89121315624297,213.52236938476562,97862700,0.0,0.0,181.75317901611328,,186.51811478146715,199.62199207835107,192.71727967902515,6.904712399325916,5.205998724981052,0.005491060813970883,0.01912364492162599
2024-06-14 00:00:00-04:00,213.13367378271622,214.44924427717243,210.59221246372425,211.77822875976562,70122700,0.0,0.0,182.6282113647461,,187.50870748649845,201.49218233703021,194.1292018331541,7.362980503876116,5.637395080760065,-0.008168421088738831,0.019159575008609153
2024-06-17 00:00:00-04:00,212.65527993528355,218.21659070332575,212.0074632920053,215.94422912597656,93728300,0.0,0.0,183.57143524169922,,188.62382598216425,203.71557415071425,195.74512978077058,7.970444369943664,6.104004938596785,0.019671523322337015,0.016577952459722767
2024-06-18 00:00:00-04:00,216.86113841241473,217.89766325641614,212.28651711595563,213.5721893310547,79943300,0.0,0.0,184.48971221923827,,189.60219317231682,205.23197648615124,197.06565271042123,8.166323775730007,6.51646870602343,-0.010984501899043986,0.016639414714958767
2024-06-20 00:00:00-04:00,213.21339445126264,213.5223688231627,208.1504242370716,208.97763061523438,86172500,0.0,0.0,185.29181243896485,,190.36201424850967,205.80823096754864,197.9480214441111,7.860209523437533,6.785216869506251,-0.021512907322864816,0.01736444989402571
2024-06-21 00:00:00-04:00,209.6852627905662,211.18023828891836,206.41625091745033,206.79498291015625,246421400,0.0,0.0,186.08788208007812,,191.00644439210365,205.96003895871905,198.6033519230774,7.356687035641642,6.89951090273333,-0.010444408325677612,0.017581352882645184
2024-06-24 00:00:00-04:00,207.02421872275744,211.9875333707341,205.89799892378585,207.44281005859375,80727000,0.0,0.0,186.7523907470703,,191.65100775157384,206.188157589469,199.25812659978232,6.930030989686685,6.905614920124001,0.0031327024443283946,0.017550902668322595
2024-06-25 00:00:00-04:00,208.44940858434205,210.67194975002218,207.91122410230182,208.36968994140625,56713900,0.0,0.0,187.4053790283203,,192.30664234725356,206.52377795130548,199.93305721768039,6.590720733625091,6.842636082824219,0.004468122479398984,0.017425368334426053
2024-06-26 00:00:00-04:00,210.79155216910215,214.1402980033581,209.9344322470105,212.5356903076172,66213200,0.0,0.0,188.21852478027344,,193.0999383456992,207.44868754458417,200.86658559471275,6.582101949871429,6.790529256233661,0.01999331269045146,0.017491207268620912
2024-06-27 00:00:00-04:00,213.97087836680484,215.01736433595826,211.63872006367095,213.3828582763672,49772700,0.0,0.0,189.114501953125,,193.8953469704313,208.36163688793542,201.79371690446493,6.567919983470489,6.746007401681027,0.003986003327365095,0.017489246534619408
2024-06-28 00:00:00-04:00,215.0472324898511,215.34623061165473,209.5955543096767,209.9144744873047,82542700,0.0,0.0,189.9685821533203,,194.52354804952438,208.60053498014608,202.3952545031938,6.205280476952282,6.637862016735278,-0.016254275610885105,0.01783017793825019
2024-07-01 00:00:00-04:00,211.37956216985054,216.78140506529675,211.2101334408119,216.02395629882812,60402900,0.0,0.0,190.96396240234375,,195.36670131420294,209.74259979840485,203.4047879695371,6.337811828867757,6.577851979161775,0.02910462380664902,0.01841283507810091
2024-07-02 00:00:00-04:00,215.42595595595571,219.64179766849512,214.3794853085834,219.53216552734375,58046200,0.0,0.0,192.07011444091796,,196.31436657746337,211.24868683362624,204.5994085293746,6.649278304251624,6.592137244179745,0.01623990824268895,0.018513220234775994
2024-07-03 00:00:00-04:00,219.26308073535034,220.80789184570312,218.29632866276663,220.80789184570312,37369800,0.0,0.0,193.1850601196289,,197.27489698013946,212.71933375856116,205.80003692317672,6.9192968353844435,6.657569162420685,0.005811113443421556,0.01851265284823664
2024-07-05 00:00:00-04:00,220.90754038733803,225.69146503075916,220.90754038733803,225.5818328857422,60412400,0.0,0.0,194.37438446044922,,198.38497289800623,214.69817977812747,207.26535514262602,7.432824635501447,6.812620257036838,0.021620337027514536,0.018755241751988998
2024-07-08 00:00:00-04:00,226.32931907748747,227.08678305881674,222.50218547217585,227.056884765625,59085900,0.0,0.0,195.55100860595704,,199.50936159869715,216.59951900697325,208.7313943739593,7.868124633013963,7.0237211322322635,0.00653887709401646,0.018590436279676822
2024-07-09 00:00:00-04:00,227.1664984715379,228.631575647805,225.6117264169712,227.9139862060547,48076100,0.0,0.0,196.72745666503906,,200.6232684460445,218.3402062683704,210.15232710226263,8.187879166107763,7.256552739007363,0.0037748313217387253,0.017879946584522396
2024-07-10 00:00:00-04:00,228.5319341376685,232.29927134034506,228.48209857735924,232.19960021972656,62627700,0.0,0.0,198.00136169433594,,201.86155596658108,220.47242072242517,211.785458444297,8.686962278128163,7.542634646831524,0.018803646432638432,0.017925848109957156
2024-07-11 00:00:00-04:00,230.61492037011672,231.61157070495582,225.01375035477759,226.80772399902344,64710600,0.0,0.0,199.08382415771484,,202.83983706589257,221.44708276497875,212.89821885575822,8.548863909220529,7.743880499309325,-0.023220867803393608,0.01872174578772873
2024-07-12 00:00:00-04:00,228.1531925563972,231.86073301422448,227.91399100155513,229.76776123046875,53046500,0.0,0.0,200.2885891723633,,203.89583409195438,222.7271871442849,214.14781458721825,8.579372557066648,7.91097891086079,0.013050866078344159,0.018741248637336647
2024-07-15 00:00:00-04:00,235.68787221439834,236.43535998230433,232.3092281117703,233.61483764648438,62631300,0.0,0.0,201.5907989501953,,205.06128521173986,224.40221029846944,215.58981629531203,8.812394003157408,8.091261929320115,0.016743325501425765,0.018830345566096415
2024-07-16 00:00:00-04:00,234.2128217621178,235.47857190808813,231.55176727169922,234.03343200683594,43234300,0.0,0.0,202.82713104248046,,206.1974478311554,225.8839367151412,216.9560100517212,8.92792666342001,8.258594876140094,0.0017918141012300826,0.018851054319374887
2024-07-17 00:00:00-04:00,228.68140979310064,230.68468664215072,225.88082486496336,228.1133270263672,57345900,0.0,0.0,203.73903411865234,,207.05689407410486,226.2269198399452,217.78247797576904,8.444441864176156,8.295764273747308,-0.025295979850843864,0.019734287259396056
2024-07-18 00:00:00-04:00,229.50865061099643,229.66811832325195,221.52548646122014,223.4290771484375,66034600,0.0,0.0,204.59049499511718,,207.69894046917673,225.79648250279018,218.2007445811519,7.595737921638289,8.155759003325505,-0.02053474884169415,0.020299095357021162
2024-07-19 00:00:00-04:00,224.06692564873424,226.04028896611686,222.5320756847993,223.55862426757812,49151500,0.0,0.0,205.43081176757812,,208.3208888534278,225.45219662044985,218.5976245579242,6.854572062525648,7.895521615165534,0.0005798131594776379,0.020307036134931556
2024-07-22 00:00:00-04:00,226.24957960487185,227.01700459563804,222.34271224556252,223.20980834960938,48201800,0.0,0.0,206.2573843383789,,208.9047680493565,225.10721380955133,218.93926780175272,6.167946007798605,7.550006493692149,-0.0015602883543927026,0.020220873193339737
2024-07-23 00:00:00-04:00,223.61843101438217,226.17982967750157,221.93408951337017,224.25628662109375,39960300,0.0,0.0,207.06845794677736,,209.50678838550306,224.97630193440403,219.33312104762985,5.643180886774189,7.168641372308557,0.004688316697289974,0.020171436481913302
2024-07-24 00:00:00-04:00,223.24968592545983,224.04700927387208,216.40270265661363,217.80796813964844,61777600,0.0,0.0,207.7758804321289,,209.83232484644995,223.87348135059548,219.22014675814975,4.653334592445731,6.665580016335992,-0.028754237299668084,0.020633261670662126
2024-07-25 00:00:00-04:00,218.19665359620475,220.11023564894725,213.9010930254534,216.76148986816406,51391200,0.0,0.0,208.39799011230468,,210.1040568080858,222.7793288148368,219.0380240255582,3.741304789278587,6.0807249709245115,-0.004804591312350115,0.016148685380728223
2024-07-26 00:00:00-04:00,217.96741565742542,218.75477790382115,215.2864239407029,217.2299041748047,41601300,0.0,0.0,209.0065447998047,,210.3835018028591,221.92557117790878,218.9040892217987,3.0214819561100796,5.4688763679616255,0.0021609664471557988,0.015335131294038006
2024-07-29 00:00:00-04:00,216.23326096996,218.5654190781,215.0273073866339,217.50897216796875,36311800,0.0,0.0,209.5750341796875,,210.66293201325556,221.24609440714877,218.8007472178113,2.4453471893374683,4.864170532236795,0.0012846665574159921,0.0153106383174942
2024-07-30 00:00:00-04:00,218.45578591171193,219.59196666736065,215.3960621319004,218.0670928955078,41643800,0.0,0.0,210.15229400634766,,210.95329126353997,220.75701725151168,218.74640245319623,2.0106147983154585,4.293459385452528,0.002565966460951641,0.015220669780662777
2024-07-31 00:00:00-04:00,220.6982497488722,223.07028238181744,219.89096542123676,221.3361053466797,50036300,0.0,0.0,210.79433624267577,,211.36046044327094,220.8461077276914,218.93823229715795,1.9078754305334371,3.81634259446871,0.01499085628998742,0.01504660332931882
2024-08-01 00:00:00-04:00,223.61843367222977,223.72806581879624,216.29306274041448,217.62857055664062,62501000,0.0,0.0,211.3389059448242,,211.60626868301094,220.3511020090682,218.8412203163789,1.509881692689305,3.3550504141128292,-0.0167507004075631,0.015239666606188607
2024-08-02 00:00:00-04:00,218.41592196270943,224.84432899946665,216.98075820790513,219.12355041503906,105568600,0.0,0.0,211.88726287841797,,211.90106404505127,220.1622479176791,218.8621336570204,1.3001142606587166,2.944063183422007,0.006869409905944979,0.014681336006730588
2024-08-05 00:00:00-04:00,198.42310739676375,212.7848420736874,195.34346157584417,208.5690155029297,119548600,0.0,0.0,212.2534323120117,,211.77039547477202,218.37867370002533,218.09968046042107,0.2789932396042616,2.411049194658458,-0.04816704955774109,0.01716195884958258
2024-08-06 00:00:00-04:00,204.612330181792,209.28662299148326,200.39650324752455,206.53585815429688,69660500,0.0,0.0,212.65906921386718,,211.56511950142004,216.55670207760556,217.24310103033778,-0.686398952732219,1.7915595651803227,-0.009748127466249867,0.01725285995224633
2024-08-07 00:00:00-04:00,206.2069550428707,212.9243839975228,205.69866882998738,209.1171875,63516400,0.0,0.0,213.05454040527343,,211.46912216803102,215.41216137335854,216.64118150957202,-1.229020136213478,1.1874436249015627,0.0124982139603802,0.01738635893834092
2024-08-08 00:00:00-04:00,212.39614722358988,213.4824924067945,208.13048513245963,212.59547424316406,47161100,0.0,0.0,213.51937805175783,,211.5132928376441,214.97882489179017,216.3414994898381,-1.3626745980479313,0.6774199803116641,0.016633193974857186,0.017265299549560954
2024-08-09 00:00:00-04:00,211.38955402452135,216.05387055494424,211.259984607228,215.51568603515625,42201600,0.0,0.0,214.03664001464844,,211.67024943362495,215.0614189138465,216.2803281228246,-1.2189092089781184,0.29815414245370764,0.013736001682952415,0.017430875731923274
2024-08-12 00:00:00-04:00,215.59550663031672,219.02793942662467,215.12653755613,217.0522918701172,38028100,0.25,0.0,214.56470092773438,,211.88130992133054,215.36770706096505,216.33751062262405,-0.9698035616590062,0.04456260163116488,0.007129902529277032,0.017177764047111445
2024-08-13 00:00:00-04:00,218.52902632127157,221.40270642093424,218.52902632127157,220.78407287597656,44155300,0.0,0.0,215.14826202392578,,212.23043788033627,216.20099410942834,216.66688560435387,-0.46589149492552906,-0.05752821768017392,0.017193004384825628,0.016641228315199152
2024-08-14 00:00:00-04:00,220.08562480803565,222.54021400164925,219.21752501736546,221.23309326171875,41960600,0.0,0.0,215.70532257080077,,212.5834831894101,216.9751632097807,217.0051232086031,-0.029959998822391753,-0.05201457390861749,0.002033753521679227,0.01638876580356292
2024-08-15 00:00:00-04:00,224.10676986474735,224.8551228159093,222.27079905335071,224.22650146484375,46414000,0.0,0.0,216.31587280273436,,213.0400721413879,218.09075371055962,217.54004011647277,0.5507135940868579,0.0685310596904776,0.013530562534709967,0.01653676852499529
2024-08-16 00:00:00-04:00,223.42826155403992,226.33187474025672,223.15885022096822,225.5535888671875,44340200,0.0,0.0,216.92266662597658,,213.53079828749767,219.2388821961947,218.1336363202294,1.105245875965295,0.27587402294544106,0.005918512725632485,0.016092552179645468
2024-08-19 00:00:00-04:00,225.2243113108782,225.4937226434457,222.5501887780633,225.39393615722656,40687800,0.0,0.0,217.55397399902344,,213.9960193804282,220.185813574815,218.67143630815514,1.5143772666598636,0.5235746716883256,-0.0007078260681320225,0.016047245184615887
2024-08-20 00:00:00-04:00,225.27420804373648,226.6711275207631,224.95490346311303,226.0125732421875,30299000,0.0,0.0,218.1496160888672,,214.4672567867717,221.08223813902617,219.21522422919458,1.8670139098315985,0.7922625193169802,0.0027446926723415643,0.016039726460830492
2024-08-21 00:00:00-04:00,226.02254833732334,227.47933353511345,224.5557753561492,225.90280151367188,34765500,0.0,0.0,218.81821014404298,,214.91570952115995,221.82386327358705,219.71060032434104,2.113262949246007,1.0564626053027855,-0.0004856885921916687,0.0156351247281505
2024-08-22 00:00:00-04:00,227.28976176117078,227.8385569948794,223.4083048904395,224.03692626953125,43695300,0.0,0.0,219.16982635498047,,215.2734042956059,222.1643345037323,220.03106891287365,2.133265590858656,1.2718232024139597,-0.008259637470798276,0.015125489779145717
2024-08-23 00:00:00-04:00,225.16444130741013,227.7188169640382,223.83736023691762,226.3418426513672,38677300,0.0,0.0,219.44953704833983,,215.70746070171418,222.8070280649069,220.49853363424353,2.308494430663359,1.4791574480638396,0.010288109287229563,0.015049635811371444
2024-08-26 00:00:00-04:00,226.2620154817008,226.7808777924977,223.39832305195915,226.68109130859375,30602200,0.0,0.0,219.7127114868164,,216.13779915688593,223.40303779470486,220.9565008693806,2.446536925324267,1.6726333435159253,0.0014988331510099595,0.014704605627055993
2024-08-27 00:00:00-04:00,225.5036798955901,228.3474270817302,224.39611696496783,227.5292205810547,35934600,0.0,0.0,220.0277313232422,,216.58452156567688,224.037835146451,221.44336899617127,2.5944661502797146,1.8569999048686832,0.0037415086876670944,0.014721201694605827
2024-08-28 00:00:00-04:00,227.4194670399241,229.35520907583674,225.18438078371824,225.99261474609375,38052200,0.0,0.0,220.22869903564452,,216.95346639628147,224.33857046947296,221.7803501628322,2.5582203066407487,1.9972439852230965,-0.006753443935846204,0.014031791317786979
2024-08-29 00:00:00-04:00,229.59470189609323,232.4085012026452,228.37737982242845,229.28536987304688,51906300,0.0,0.0,220.54296264648437,,217.43707045419387,225.09961653156125,222.33627754877404,2.763338982787218,2.150462984735921,0.014570189077428797,0.01373951217848769
2024-08-30 00:00:00-04:00,229.6844899472923,229.89402024722435,226.98043458769098,228.49710083007812,52990800,0.0,0.0,220.93335205078125,,217.8707971356011,225.6223064236408,222.79263482887063,2.8296715947701614,2.286304706742769,-0.0034379386849026083,0.01376286195442639
2024-09-03 00:00:00-04:00,228.04808224732741,228.49709095305272,220.68428466242796,222.28077697753906,50190600,0.0,0.0,221.2430679321289,,218.04373752155945,225.10822497039436,222.7547194324757,2.3535055379186645,2.299744872977948,-0.02720526356770636,0.014681659626141194
2024-09-04 00:00:00-04:00,221.17322424578342,221.29295584608857,217.0023958735564,220.36500549316406,43840200,0.0,0.0,221.5015118408203,,218.134767638093,224.37849889697432,222.57770358511928,1.8007953118550404,2.1999549607533666,-0.008618700683094116,0.014735011860392434
2024-09-05 00:00:00-04:00,221.14327916881817,224.98481497811864,221.03352013282222,221.89163208007812,36615400,0.0,0.0,221.77195068359376,,218.28209565542574,223.99590400206722,222.52688347363477,1.469020528432452,2.0537680742891835,0.006927717871980432,0.0137831382122684
2024-09-06 00:00:00-04:00,223.4581991238727,224.74537478911404,219.28738577978086,220.3350830078125,48423000,0.0,0.0,221.92793853759767,,218.3626049633625,223.43270077218187,222.36452788357386,1.068172888608018,1.8566490371529505,-0.007014906590546377,0.013819506509992571
2024-09-09 00:00:00-04:00,220.33506702469683,220.7840757397734,216.23409233980902,220.42486572265625,67180000,0.0,0.0,222.06877868652344,,218.4434779343152,222.96995691840868,222.2208492049874,0.7491077134212958,1.6351407724066196,0.00040748261065881586,0.013816554784020349
2024-09-10 00:00:00-04:00,218.4392435287618,220.99361925876318,216.25405039598212,219.6266326904297,51591000,0.0,0.0,222.26302185058594,,218.4898761600452,222.45559934487346,222.02868501872385,0.426914326149614,1.3934954831552187,-0.0036213384075775013,0.013836950952888366
2024-09-11 00:00:00-04:00,220.9736588702828,222.6000688776049,217.4114916314568,222.1710205078125,44587100,0.0,0.0,222.38596313476563,,218.63423476191844,222.41181798532563,222.03922838828598,0.37258959703964933,1.189314305932105,0.0115850604556198,0.013982467860908194
2024-09-12 00:00:00-04:00,222.01136566399225,223.059062794204,219.33725854525207,222.28077697753906,37498200,0.0,0.0,222.44093536376954,,218.777236417433,222.39165783028153,222.05712087637878,0.33453695390275584,1.0183588355262352,0.0004940179393140287,0.013720221825735162
2024-09-13 00:00:00-04:00,223.08901316997165,223.5479944694599,221.42268236911949,222.01138305664062,36766600,0.0,0.0,222.46500518798828,,218.90406569740193,222.33315401895214,222.05373288973152,0.2794211292206228,0.8705712942651127,-0.0012119532987130421,0.013345078576325765
2024-09-16 00:00:00-04:00,216.0644583037111,216.74297289953918,213.4502168549942,215.84495544433594,59357400,0.0,0.0,222.27026763916015,,218.78410058943857,221.33496962285736,221.59382344933186,-0.25885382647450683,0.6446862701171889,-0.027775276778179814,0.014264781850907234
2024-09-17 00:00:00-04:00,215.27619443719672,216.42366284814068,214.02893954474482,216.31390380859375,45519300,0.0,0.0,222.05540802001954,,218.68723012744465,220.5624979591245,221.2027182907587,-0.6402203316341968,0.3877049497669117,0.0021726167437754462,0.011051213611606341
2024-09-18 00:00:00-04:00,217.07224903728172,222.22092099435915,217.06226125375574,220.20535278320312,59894900,0.0,0.0,221.9012353515625,,218.74676434923913,220.50755254744428,221.1288393642731,-0.6212868168288139,0.1859065964477666,0.017989823613246525,0.011255581494048917
2024-09-19 00:00:00-04:00,224.49591687958383,229.31531179988679,224.1367068474718,228.3673858642578,66781300,0.0,0.0,221.82459106445313,,219.1240436243379,221.7167576731079,221.6650279939016,0.05172967920631777,0.15907121299947685,0.037065552575783034,0.012816191805457152
2024-09-20 00:00:00-04:00,229.46496974860833,232.57811312113958,227.12012443578536,227.6988525390625,318679900,0.0,0.0,221.8424136352539,,219.46031064060162,222.63707996017786,222.1119779602098,0.525101999968058,0.23227737039319307,-0.0029274465907872527,0.01259535562780014
2024-09-23 00:00:00-04:00,226.8407407931877,228.94610768522742,225.31410200503296,225.97265625,54146000,0.0,0.0,221.76651153564453,,219.715696742931,223.1502455432274,222.3979541298239,0.7522914134035261,0.33628017899525975,-0.0075810495740920025,0.012532998970906343
2024-09-24 00:00:00-04:00,228.14786961487798,228.8463445678705,225.2342838755063,226.8706817626953,43556100,0.0,0.0,221.63162841796876,,219.9962843907649,223.72262034622247,222.72926728781437,0.9933530584081041,0.46769475487782863,0.003974045035350704,0.012498670084535805
2024-09-25 00:00:00-04:00,224.43603888049125,226.79085685048213,223.52804884217394,225.8728790283203,42308700,0.0,0.0,221.46841735839843,,220.22673908243377,224.05342937423754,222.96212741674074,1.0913019574967961,0.5924161954016222,-0.004398112292970047,0.012184605186639552
2024-09-26 00:00:00-04:00,226.80083714120576,227.99819881641105,224.9149883158055,227.02035522460938,36636700,0.0,0.0,221.44655792236327,,220.49315540173478,224.50987950506396,223.26273688399027,1.2471426210736922,0.7233614805360362,0.005080185816134231,0.01220764357307202
2024-09-27 00:00:00-04:00,227.9582911728241,229.01596089620384,226.80083496693393,227.2897491455078,34026000,0.0,0.0,221.5237713623047,,220.75968848972587,224.93755175743993,223.56103408854713,1.3765176688928022,0.8539927182073894,0.0011866509530913394,0.011974192423943047
2024-09-30 00:00:00-04:00,229.53482055042815,232.4883270263672,229.14567760776433,232.4883270263672,54541900,0.0,0.0,221.70236541748048,,221.21963509900593,226.09920949112106,224.22231504690416,1.8768944442169015,1.058573063409292,0.022872029646754166,0.012620308408409943
2024-10-01 00:00:00-04:00,229.01597026460064,229.14567442683443,223.24866456606327,225.71324157714844,63285000,0.0,0.0,221.75243408203124,,221.39585496089387,226.03982981204837,224.33275404914446,1.7070757629039122,1.1882736033082162,-0.02914161556356487,0.01377463024819599
2024-10-02 00:00:00-04:00,225.39393750024195,226.8706831083472,222.5302449869956,226.281982421875,32880600,0.0,0.0,221.79294799804688,,221.58746780250098,226.07708405971402,224.4771413360134,1.5999427237006216,1.2706074273866974,0.0025197495758446653,0.013773224030368415
2024-10-03 00:00:00-04:00,224.64557310138042,226.3119038145279,222.82957789090332,225.17440795898438,34044200,0.0,0.0,221.9402767944336,,221.7281321223631,225.93821081344794,224.52879071549273,1.4094200979552056,1.298369961500399,-0.004894664838253404,0.01380352482602592
2024-10-04 00:00:00-04:00,227.39951613756347,227.49930262356304,223.63780617480538,226.30194091796875,37245100,0.0,0.0,222.13108581542969,,221.90749717317118,225.99416929106653,224.6601351749354,1.3340341161311358,1.3055027924265463,0.005007376145470976,0.013742685134060541
2024-10-07 00:00:00-04:00,224.0069821228032,225.1943712346882,220.84394549402703,221.20315551757812,39505400,0.0,0.0,222.21055084228516,,221.8798759317754,225.2570902489914,224.40406260772374,0.8530276412676585,1.2150077621947688,-0.02253089558007315,0.014228283501801886
2024-10-08 00:00:00-04:00,223.80742742544692,225.4837307412941,222.75973024040246,225.27420043945312,31855700,0.0,0.0,222.36585540771483,,222.01298669678238,225.25972258598551,224.46851726192594,0.7912053240595753,1.13024727456773,0.018404099671857965,0.014645675175934958
2024-10-09 00:00:00-04:00,224.73538646570117,229.24546472466872,224.33627096325682,229.03591918945312,33591100,0.0,0.0,222.58523193359375,,222.288395814142,225.84067590959592,224.80684333063164,1.0338325789642795,1.11096433544704,0.016698400183695394,0.014950850706753237
2024-10-10 00:00:00-04:00,227.27979028338342,228.99601435408132,226.67112924406288,228.53701782226562,28183500,0.0,0.0,222.72925018310548,,222.5334398144606,226.25549774231433,225.08315255223414,1.1723451900801933,1.1232405063736706,-0.0021782669240401065,0.014899370761483888
2024-10-11 00:00:00-04:00,228.79644988971887,228.9062089337624,226.84074743911052,227.05029296875,31759200,0.0,0.0,222.91768463134767,,222.71057131070725,226.37777393099674,225.22886665716123,1.1489072738355048,1.1283738598660373,-0.006505400602854872,0.01470775925334982
2024-10-14 00:00:00-04:00,228.19775690140833,231.22110160659443,228.09798564307096,230.79205322265625,39882100,0.0,0.0,223.1510546875,,223.02749216999936,227.05689382202127,225.64095455090163,1.4159392711196404,1.185886942116758,0.01647987415026697,0.015004150024350158
2024-10-15 00:00:00-04:00,233.0969778733182,236.9684620133565,231.85969551276995,233.33645629882812,64751400,0.0,0.0,223.64640350341796,,223.4317652730907,228.02298035691462,226.2109917174147,1.8119886394999298,1.3111072815933924,0.011024656354684748,0.014175641352680651
2024-10-16 00:00:00-04:00,231.09139869260778,231.61024577942743,229.33525401328018,231.27099609375,34082200,0.0,0.0,224.14110626220702,,223.73918608958715,228.52267508565853,226.58580685640248,1.9368682292560493,1.4362594711259238,-0.008851853833045875,0.014181565572349319
2024-10-17 00:00:00-04:00,232.9173703418766,233.3364614020046,230.0137723986246,231.6401824951172,32993800,0.0,0.0,224.5915661621094,,224.04902908588244,229.00229161019064,226.96020505186283,2.04208655832781,1.5574248885663011,0.001596336797968112,0.014147270609887267
2024-10-18 00:00:00-04:00,235.66131853389138,235.66131853389138,233.4960858911256,234.48391723632812,46431500,0.0,0.0,225.02933502197266,,224.45824038589993,229.8456186295964,227.51751706552693,2.3281015640694704,1.711560223666935,0.012276517444337998,0.014183826671315727
2024-10-21 00:00:00-04:00,233.9351372634737,236.32987592195377,233.9351372634737,235.96067810058594,36254500,0.0,0.0,225.43823486328125,,224.90931637471115,230.78639700974864,228.14293640145723,2.643460608291406,1.8979403005918292,0.006297919625632309,0.014199293475953117
2024-10-22 00:00:00-04:00,233.376366009758,235.70125104779564,232.08920560922664,235.342041015625,38846600,0.0,0.0,225.8040298461914,,225.3184428312176,231.487265318345,228.6762034099141,2.8110619084309008,2.0805646221596437,-0.0026217804167235625,0.014185915895693454
2024-10-23 00:00:00-04:00,233.56595129753524,234.62362105235994,227.25982300232985,230.25323486328125,52287000,0.0,0.0,225.9934130859375,,225.51196408737695,231.29741447910442,228.79302055460798,2.5043939244964406,2.1653304826270032,-0.021623022093217426,0.014729963720611191
2024-10-24 00:00:00-04:00,229.47495899723685,230.3131259260407,227.90841463888628,230.0636749267578,31109500,0.0,0.0,226.17002471923828,,225.6904625516664,231.10760839412802,228.88714310069315,2.22046529343487,2.176357444788577,-0.0008232672024607313,0.014734401463204882
2024-10-25 00:00:00-04:00,229.23547896644118,232.7078323586645,229.0658541264054,230.9018096923828,38802300,0.0,0.0,226.30353088378905,,225.89482910620433,231.075947055398,229.03637766304053,2.039569392357464,2.148999834302354,0.0036430556274988923,0.0147330598388879
2024-10-28 00:00:00-04:00,232.80762499530724,234.21451699403664,232.03931169048735,232.88743591308594,36087100,0.0,0.0,226.45020782470704,,226.169048980984,231.35463764888846,229.32164123711794,2.0329964117705117,2.1257991497959856,0.008599439836995959,0.01370917362728581
2024-10-29 00:00:00-04:00,232.58810476348472,233.815399347975,231.8098189074392,233.15684509277344,35417200,0.0,0.0,226.60546600341797,,226.44308020105416,231.63190033256308,229.60573041161095,2.0261699209521282,2.1058733040272144,0.0011568214430770496,0.01371158890104795
2024-10-30 00:00:00-04:00,232.09916306464564,232.95727501758805,229.04588560251634,229.5946807861328,47070900,0.0,0.0,226.6771081542969,,226.56667238086118,231.31848194080456,229.6049119208348,1.713570019969751,2.027412647215722,-0.015277974383395176,0.013768594798881732
2024-10-31 00:00:00-04:00,228.83635490362704,229.325284321648,224.8750719925984,225.4138946533203,64370100,0.0,0.0,226.66733001708985,,226.5214654111537,230.41008389657623,229.29446619731522,1.1156176992610085,1.8450536576247794,-0.018209420699545342,0.012481184253459954
2024-11-01 00:00:00-04:00,220.48472918772245,224.8551151455125,219.78626950218685,222.42047119140625,65276700,0.0,0.0,226.63500091552734,,226.36064210841855,229.18091271116546,228.78528138206272,0.39563132910274135,1.5551691919203718,-0.013279675889180886,0.0126959251685909
2024-11-04 00:00:00-05:00,220.5046966292777,222.3007315284092,219.2275088130919,221.52244567871094,44944500,0.0,0.0,226.5386129760742,,226.17090891509667,228.00268701386474,228.24729355218483,-0.2446065383200846,1.1952140458722806,-0.004037512859697667,0.012646117218787473
2024-11-05 00:00:00-05:00,221.31291912362707,223.45819152571042,220.65436486265338,222.95928955078125,28111300,0.0,0.0,226.46417694091798,,226.04496305767256,227.2267797118519,227.85558955208086,-0.6288098402289677,0.830409268652031,0.006486222502952499,0.012685604283047216
2024-11-06 00:00:00-05:00,222.12113695305962,225.5735453041769,220.7042571772517,222.23089599609375,54561100,0.0,0.0,226.35821044921875,,225.89539180035575,226.45818221711988,227.4389455849707,-0.9807633678508125,0.4681747413514623,-0.003266935215639921,0.012675299699196773
2024-11-07 00:00:00-05:00,224.13670611072257,227.37956894750107,224.0768403097807,226.98043823242188,42137700,0.0,0.0,226.3779669189453,,225.93794264082894,226.53852929639712,227.40498207737448,-0.8664527809773688,0.2012492368856961,0.021372105867816016,0.013256690909756688
2024-11-08 00:00:00-05:00,226.92049995960826,228.4088689967903,226.16134014604208,226.7107391357422,38328800,0.25,0.0,226.32647430419922,,225.96824838572752,226.5650231178348,227.35355667429062,-0.7885335564558034,0.0032926782173962055,-0.0011882041412023536,0.013256941058150366
2024-11-11 00:00:00-05:00,224.7528927426808,225.45212091614073,221.25673663335022,223.98373413085938,42005600,0.0,0.0,226.23620697021485,,225.8904242973013,226.16790173522318,227.103940189592,-0.9360384543688269,-0.18457354829984843,-0.012028565630717747,0.01270027505337814
2024-11-12 00:00:00-05:00,224.30339000560164,225.34224111445195,223.11469448970428,223.98373413085938,40398300,0.0,0.0,226.27026611328125,,225.8156521339114,225.83187594993643,226.87281381487108,-1.040937864934648,-0.3558464116268083,0.0,0.011548797586566063
2024-11-13 00:00:00-05:00,223.76397540644066,226.4010754152989,222.5153482196322,224.8727569580078,48566200,0.0,0.0,226.36042114257813,,225.77867585250345,225.6843191819474,226.72466145510342,-1.0403422731560283,-0.49274558393265233,0.003969140127956905,0.011563554557273157
2024-11-14 00:00:00-05:00,224.77287777547028,228.61864039722624,224.7528954725484,227.9693603515625,44923900,0.0,0.0,226.4819757080078,,225.864585048545,226.03586397727278,226.81686137335964,-0.7809973960868604,-0.550395946363494,0.013770469288696185,0.011798846645509752
2024-11-15 00:00:00-05:00,226.15134020310103,226.67077335813082,224.023689933323,224.7528839111328,47923700,0.0,0.0,226.57033172607422,,225.82098892550923,225.83848242863587,226.66397415393544,-0.825491725299571,-0.6054151021507095,-0.014109248872170355,0.012059174226073617
2024-11-18 00:00:00-05:00,225.00261496304853,229.4876892234719,224.92270099550518,227.7695770263672,44686000,0.0,0.0,226.71722595214842,,225.89740414515072,226.13557390520992,226.74587066300444,-0.6102967577945151,-0.6063914332794706,0.013422266547766126,0.011534232396177619
2024-11-19 00:00:00-05:00,226.73070634208972,229.90722171238716,226.41106572007726,228.02928161621094,36211800,0.0,0.0,226.88527893066407,,225.9810071832315,226.42691355305624,226.84093814101976,-0.4140245879635245,-0.5679180642162814,0.0011402075432298542,0.011058895571454157
2024-11-20 00:00:00-05:00,227.80951934283004,229.67746064503265,225.64190448211673,228.7484893798828,35169600,0.0,0.0,227.01682830810546,,226.08953589682568,226.7840790648757,226.9822382327874,-0.19815916791171162,-0.49396628495536754,0.003154014951826989,0.010641902370475912
2024-11-21 00:00:00-05:00,228.6286329426038,229.90722593821596,225.46211628612434,228.26902770996094,42108300,0.0,0.0,227.1365933227539,,226.17500616400744,227.01253270258113,227.07755597183728,-0.06502326925615876,-0.4081776818155258,-0.0020960211419173147,0.01064132899593733
2024-11-22 00:00:00-05:00,227.80952873867182,230.46661102927646,227.80952873867182,229.61753845214844,38168300,0.0,0.0,227.28871643066407,,226.31000743020905,227.41330281789917,227.2657028222307,0.1475999956684575,-0.29702214631872914,0.005907550208260837,0.010620332472473655
2024-11-25 00:00:00-05:00,231.2058026888721,232.99383009111634,229.48769048234254,232.61424255371094,90152800,0.0,0.0,227.62410217285156,,226.55723233701306,228.21344739263944,227.6618909504885,0.5515564421509396,-0.1273064286247954,0.013050850217118715,0.01045885863262505
2024-11-26 00:00:00-05:00,233.07373841155265,235.31128373473052,233.07373841155265,234.8018341064453,45986200,0.0,0.0,227.9938607788086,,226.88055005346138,229.22704534860958,228.1907756287075,1.0362697199020658,0.10540880108057686,0.00940437493731383,0.01040569625527331
2024-11-27 00:00:00-05:00,234.21249554010248,235.43115689965902,233.55321672420507,234.67198181152344,33498400,0.0,0.0,228.283193359375,,227.1860963969148,230.06472788136557,228.67086497558276,1.393862905782811,0.36309962202102364,-0.00055302930411949,0.010264430833438943
2024-11-29 00:00:00-05:00,234.55211454995276,237.5488197625333,233.71304074851764,237.06935119628906,28481400,0.0,0.0,228.4572326660156,,227.5736750164981,231.14236223750765,229.29297506600545,1.849387171502201,0.6603571319172592,0.010215831332992531,0.010414621223212728
2024-12-02 00:00:00-05:00,237.00941446483552,240.52553753151284,236.89953466637493,239.3268585205078,48137100,0.0,0.0,228.68979278564453,,228.03458417351808,232.40151551181538,230.03622569226488,2.3652898195504974,1.0013436694439068,0.009522560857517126,0.01032192780765674
2024-12-03 00:00:00-05:00,239.54662188503684,242.49337894569658,238.6376176509325,242.3834991455078,38861000,0.0,0.0,229.01800964355468,,228.59728672143925,233.93720530161423,230.95083854065325,2.9863667609609763,1.3983482877473208,0.012771824457546543,0.010508269329336326
2024-12-04 00:00:00-05:00,242.60325739533934,243.84190102311462,240.9850414761411,242.74310302734375,44383900,0.0,0.0,229.33545806884766,,229.15202461578843,235.2919587978803,231.82433961374142,3.467619184138897,1.812202467025636,0.0014836153579087519,0.010486873515182123
2024-12-05 00:00:00-05:00,243.72204013219255,244.2714238935446,241.86408229295347,242.7730712890625,40033900,0.0,0.0,229.6734619140625,,229.686183308858,236.4428991811391,232.6353567748763,3.8075424062627974,2.2112704548730684,0.0001234566969978701,0.009574981391322556
2024-12-06 00:00:00-05:00,242.6432183998472,244.3613305629988,241.8141281502541,242.5732879638672,36870600,0.0,0.0,229.98452056884764,,230.19155996199564,237.38603591694343,233.37149982591268,4.014536091030749,2.5719235821046045,-0.0008229220981327279,0.009574978117812865
2024-12-09 00:00:00-05:00,241.56440918324205,246.96847124510987,241.48449521514058,246.47900390625,44649200,0.0,0.0,230.3683056640625,,230.8302832539272,238.78495406914442,234.3424260540858,4.4425280150586275,2.9460444686954093,0.016101179050533432,0.009921085180635808
2024-12-10 00:00:00-05:00,246.61884065291167,247.93739821602466,245.0705399660552,247.4978790283203,36914800,0.0,0.0,230.66849670410156,,231.48391446076616,240.1254040628638,235.31690405217725,4.808500010686544,3.3185355770936367,0.004133719732402952,0.009855445944993253
2024-12-11 00:00:00-05:00,247.68767076725757,250.52454792031958,245.98952569372008,246.2192840576172,45205800,0.0,0.0,231.07861755371093,207.6693549346924,232.06177209201522,241.06292406205662,236.1244877562839,4.938436305772711,3.642515722829452,-0.005166084556857187,0.009943027986002486
2024-12-12 00:00:00-05:00,246.61885092340057,248.46682524629017,245.41017310687806,247.68768310546875,32777500,0.0,0.0,231.50673156738281,208.0049563598633,232.67455291607223,242.0821177610431,236.9810207451124,5.101097015930691,3.9342319814496998,0.005963785710253022,0.009422764809277095
2024-12-13 00:00:00-05:00,247.54782582286595,249.01619729452798,245.96955931284188,247.85748291015625,33155300,0.0,0.0,231.96039306640625,208.3447410583496,233.26996193544807,242.97063547629125,237.78668460918973,5.183950867101515,4.184175758580063,0.0006855399612875068,0.008579369526898278
2024-12-16 00:00:00-05:00,247.71764416028498,251.10392039685559,247.3780059899919,250.7642822265625,51694800,0.0,0.0,232.44963989257812,208.70448417663573,233.9560137115702,244.16965805325606,238.7479881364025,5.421669916853546,4.43167459023476,0.011727704494844282,0.008125397949634914
2024-12-17 00:00:00-05:00,249.80533943156328,253.5512208135588,249.50566587259755,253.20159912109375,51356400,0.0,0.0,233.08960876464843,209.09910667419433,234.71074255115934,245.55918744830802,239.81862598712036,5.740561461187667,4.693451964425341,0.009719553649706558,0.008041702029247791
2024-12-18 00:00:00-05:00,251.88305927654196,254.0007260278641,247.46791553993853,247.77757263183594,56774100,0.0,0.0,233.5396762084961,209.49139213562012,235.2231672602055,245.90047747654307,240.40817759043264,5.49229988611043,4.85322154876236,-0.021421770273511442,0.009316718332673675
2024-12-19 00:00:00-05:00,247.22817727073837,251.72323503929724,246.81862390484895,249.51565551757812,60882300,0.0,0.0,233.9492709350586,209.89734451293944,235.78365699578876,246.4566587136254,241.082805585036,5.3738531285893885,4.957347864727765,0.007014690099998555,0.009245524414545576
2024-12-20 00:00:00-05:00,247.76758181309805,254.71994465608725,245.42017186050566,254.21051025390625,147495300,0.0,0.0,234.4627407836914,210.3273683166504,236.50627869218553,247.64955895059165,242.05522815310047,5.594330797491182,5.084744451280449,0.018815872401230394,0.009089494992096199
2024-12-23 00:00:00-05:00,254.49020366493687,255.36922684225433,253.17164603591402,254.98965454101562,40858800,0.0,0.0,235.0215280151367,210.7526784515381,237.2311169607671,248.77880442604152,243.01333381146455,5.765470614576969,5.220889683939753,0.0030649570166518814,0.009041669436024288
2024-12-24 00:00:00-05:00,255.2094124344067,257.92641115938613,255.0096198916901,257.91644287109375,23234700,0.0,0.0,235.56401580810547,211.18256996154784,238.04230621215248,250.18459495604955,244.11726781588152,6.067327140168032,5.390177175185409,0.011478066964506484,0.008616365305829597
2024-12-26 00:00:00-05:00,257.90642916266114,259.81433504408284,257.34704665632455,258.7355041503906,27237100,0.0,0.0,236.07199676513673,211.61416816711426,238.8538041705148,251.50011944748664,245.20010013695628,6.3000193105303595,5.572145602254399,0.0031756846138972783,0.008575418919395493
2024-12-27 00:00:00-05:00,257.54682582842287,258.41589596104086,252.78207543596488,255.30929565429688,42355300,0.0,0.0,236.55276275634765,212.03908584594726,239.49911756203568,252.08614655622668,245.94892943453706,6.137217121689616,5.685159906141442,-0.01324212735064867,0.009190401691388779
2024-12-30 00:00:00-05:00,251.95298524244893,253.22159473829512,250.47461491371794,251.9230194091797,35557500,0.0,0.0,236.9584194946289,212.43776611328124,239.98632939917857,252.0610500720656,246.39145461784392,5.669595454221678,5.68204701575749,-0.01326342715583062,0.00954634558083464
2024-12-31 00:00:00-05:00,252.16275955239965,253.00183336212825,249.15605553782555,250.1449737548828,39480700,0.0,0.0,237.271640625,212.82944732666016,240.3847076092062,251.76626910019132,246.6694930724394,5.096776027751929,5.564992818156378,-0.007057892758140283,0.009180687823022515
2025-01-02 00:00:00-05:00,248.65660659999048,248.826433311358,241.55442975303322,243.5821990966797,55740700,0.0,0.0,237.42407104492187,213.182840423584,240.5100994322444,250.50718140734338,246.44080462979053,4.066376777552847,5.265269610035673,-0.026235884574015045,0.010482734079705274
2025-01-03 00:00:00-05:00,243.0927276611328,243.91181916074598,241.624340886356,243.0927276611328,40244100,0.0,0.0,237.57908477783204,213.52204162597656,240.6113789706322,249.36649621561867,246.19279892840848,3.1736972872101887,4.846955145470576,-0.002009471288797249,0.010510416148567637
2025-01-06 00:00:00-05:00,244.04168187374515,247.05836939894766,242.93290033169586,244.73092651367188,45045600,0.0,0.0,237.86863861083984,213.85654472351075,240.77292985467295,248.6533316460884,246.08451208287244,2.5688195632159534,4.391328029019652,0.006738987497901139,0.01054210768681121
2025-01-07 00:00:00-05:00,242.71314361950866,245.28032844029428,241.08494412707995,241.94400024414062,40856000,0.0,0.0,238.1062451171875,214.213441696167,240.81885418367168,247.62112681501952,245.77780750222564,1.8433193127938807,3.881726285774498,-0.011387715926354569,0.010809062150481882
2025-01-08 00:00:00-05:00,241.65429905026372,243.44234164075266,239.78635773622742,242.43344116210938,37628900,0.0,0.0,238.33687774658202,214.5682571411133,240.882171320081,246.82302132995642,245.53007666221703,1.2929446677393912,3.363969962167477,0.0020229512510121506,0.010783850975579847
2025-01-10 00:00:00-05:00,239.7463920626497,239.8962364632009,232.74409661721964,236.58987426757812,61710900,0.0,0.0,238.41092651367188,214.90097114562988,240.71384594547305,245.24869101266745,244.86783944779933,0.38085156486812366,2.767346282707606,-0.024103798826267564,0.011560860353196869
2025-01-13 00:00:00-05:00,233.27352322575203,234.41227060505477,229.46771001708314,234.14256286621094,49630700,0.0,0.0,238.43064086914063,215.22712181091308,240.45614856981572,243.5400559132126,244.0733745158298,-0.5333186026172143,2.107213305642642,-0.010344108804078989,0.011606170918040023
2025-01-14 00:00:00-05:00,234.49217517741417,235.8606656353981,232.21468051006943,233.02378845214844,39435300,0.0,0.0,238.49922302246094,215.52976318359376,240.16468346716212,241.92216861151041,243.25488665926082,-1.3327180477504044,1.419227034964033,-0.004778176169113579,0.011638349256869199
2025-01-15 00:00:00-05:00,234.38230107288462,238.6975638581554,234.17252500331003,237.60874938964844,39832000,0.0,0.0,238.7431201171875,215.86443641662598,240.06445075824004,241.25856565430087,242.83665426891918,-1.5780886146183093,0.8197639050475647,0.01967593509639265,0.012050296578324404
2025-01-16 00:00:00-05:00,237.089336348529,237.74859991927732,227.7795647267042,228.00930786132812,71759100,0.0,0.0,238.85489685058593,216.15832839965822,239.59170005640038,239.22021830153585,241.7383323128013,-2.518114011265453,0.1521883217849611,-0.04040020223572849,0.014000123944577822
2025-01-17 00:00:00-05:00,231.86506609768284,232.03487756376998,228.22906438809179,229.7274169921875,68488300,0.0,0.0,239.01899627685546,216.46673294067384,239.20486542643127,237.75978733086686,240.84863488164473,-3.0888475507778708,-0.4960188527276054,0.007535258744368001,0.013847631910676454
2025-01-21 00:00:00-05:00,223.75398423747347,224.17352112887505,219.13906319002535,222.39547729492188,98070400,0.0,0.0,239.00772003173827,216.7344468688965,238.54567373499953,235.39604732533687,239.48173431966526,-4.085686994328398,-1.213952481047764,-0.03191582351493971,0.014887084380584026
2025-01-22 00:00:00-05:00,219.54859611049605,223.87384226456615,219.54859611049605,223.58416748046875,64126500,0.0,0.0,239.03478546142577,217.0122346496582,237.9589479995277,233.578835041511,238.30413677602107,-4.7253017345100545,-1.9162223317402223,0.005344938665144516,0.014952888874444185
2025-01-23 00:00:00-05:00,224.493183388126,226.78066167492807,222.05586069453574,223.41436767578125,60234800,0.0,0.0,238.96346405029297,217.2853913116455,237.38857230055726,232.01507083139876,237.20119091674403,-5.186120085345266,-2.570201882461231,-0.0007594446717803516,0.0149531581388992
2025-01-24 00:00:00-05:00,224.53312753788666,225.38220009721186,221.16683361690275,222.5353240966797,54697900,0.0,0.0,238.8799557495117,217.5597762298584,236.80609197883658,230.55664825682658,236.11483041155407,-5.55818215472749,-3.167797936914483,-0.003934588398438299,0.014529152922104086
2025-01-27 00:00:00-05:00,223.77396171163917,231.89502211760887,223.73399710835045,229.6075439453125,94863400,0.0,0.0,238.99243194580077,217.86345085144043,236.52379597752193,230.41063220890135,235.63280919183248,-5.222176982931131,-3.578673746117813,0.03178021232063055,0.015834851987177694
2025-01-28 00:00:00-05:00,230.59647127201654,239.9262098046868,230.55650666713984,237.99832153320312,75707600,0.0,0.0,239.27272369384767,218.218484954834,236.5816205091173,231.5779690280247,235.8080323282303,-4.230063300205586,-3.7089516569353678,0.03654399783087747,0.01734091647497076
2025-01-29 00:00:00-05:00,233.86287156365174,239.5965730646729,233.75299176206667,239.0971221923828,45486100,0.0,0.0,239.55721099853517,218.542883682251,236.68026763395125,232.73476182254134,236.0516686144638,-3.316906791922463,-3.630542683932787,0.0046168420520831255,0.017324038724954575
2025-01-30 00:00:00-05:00,238.40787147181928,240.52553823889048,236.94948349745044,237.3290557861328,55658300,0.0,0.0,239.74440490722657,218.85092758178712,236.70571030658581,233.44157627847846,236.1462898864393,-2.7047136079608265,-3.445376868738395,-0.0073947623879278,0.01735921779327143
2025-01-31 00:00:00-05:00,246.91852728753366,246.91852728753366,233.18362815459494,235.74081420898438,101075100,0.0,0.0,239.9641635131836,219.17023963928222,236.66787124393477,233.79530519086398,236.11625465107224,-2.3209494602082543,-3.220491387032367,-0.006692149732309471,0.017207639896658918
2025-02-03 00:00:00-05:00,229.73741895869952,231.5753945205246,225.45212191586603,227.75958251953125,73063300,0.0,0.0,239.96396362304688,219.46611755371094,236.31852658807583,232.86673247219738,235.4972419005877,-2.630509428390326,-3.102494995303959,-0.03385596048030004,0.018012119987204835
2025-02-04 00:00:00-05:00,227.00041910872287,232.87396618357337,226.40107197135944,232.54432678222656,45067300,0.0,0.0,240.05426452636718,219.79278686523438,236.1705187525523,232.81713159681726,235.27850744737577,-2.461375850558511,-2.9742711663548698,0.021007872466946687,0.018210217287286595
2025-02-05 00:00:00-05:00,228.27901582634638,232.4144684638066,228.0193068583431,232.21469116210938,39620300,0.0,0.0,240.12358856201172,220.12258560180663,236.01538825880948,232.72444845301604,235.0515580929116,-2.3271096398955535,-2.844838861063007,-0.0014175173597156254,0.018131952057791802
2025-02-06 00:00:00-05:00,231.0359788855247,233.54323203112875,230.17692277145878,232.9638671875,29925300,0.0,0.0,240.2174853515625,220.46628211975099,235.89572076581698,232.76128210447513,234.89691432214036,-2.1356322176652327,-2.7029975323834523,0.003226221483410008,0.01772676543806486
2025-02-07 00:00:00-05:00,232.3445476829273,233.74300400322835,227.0104008794231,227.3800048828125,39707200,0.0,0.0,240.17273468017578,220.77787910461427,235.56177112334623,231.93339330114242,234.3401062155235,-2.4067129143810746,-2.643740608782977,-0.023968791264069034,0.018103937996129187
2025-02-10 00:00:00-05:00,229.57000732421875,230.58999633789062,227.1999969482422,227.64999389648438,33115600,0.25,0.0,240.07344970703124,221.08555099487305,235.2515053497438,231.27440877734887,233.84454234003908,-2.5701335626902164,-2.629019199564425,0.0011873911860060815,0.017903725059509906
2025-02-11 00:00:00-05:00,228.1999969482422,235.22999572753906,228.1300048828125,232.6199951171875,53718400,0.0,0.0,240.0298129272461,221.40752258300782,235.14830887003572,231.48142206040097,233.75383513834637,-2.2724130779454015,-2.5576979752406204,0.021831765227118938,0.01847629262703815
2025-02-12 00:00:00-05:00,231.1999969482422,236.9600067138672,230.67999267578125,236.8699951171875,45243300,0.0,0.0,240.0737731933594,221.74641464233397,235.21582597776717,232.3104332999066,233.98466180344573,-1.6742285035391262,-2.3810040809003215,0.018270140526221557,0.018789100207184304
2025-02-13 00:00:00-05:00,236.91000366210938,242.33999633789062,235.57000732421875,241.52999877929688,53614100,0.0,0.0,240.16298614501954,222.11154289245604,235.463440597435,233.72882798904357,234.54357565350875,-0.8147476644651874,-2.067752797613295,0.01967325435120615,0.019087785750487814
2025-02-14 00:00:00-05:00,241.25,245.5500030517578,240.99000549316406,244.60000610351562,40896200,0.0,0.0,240.2684490966797,222.47111991882323,235.82173728394798,235.40131692973156,235.28849642758334,0.11282050214822448,-1.6316381376609912,0.012710666748373622,0.01922030499528148
2025-02-18 00:00:00-05:00,244.14999389648438,245.17999267578125,241.83999633789062,244.47000122070312,48822500,0.0,0.0,240.3101791381836,222.84582237243652,236.16088488931095,236.7964991283426,235.96860789374034,0.827891234602248,-1.1397322632083433,-0.0005314999164697243,0.018599505934672363
2025-02-19 00:00:00-05:00,244.66000366210938,246.00999450683594,243.16000366210938,244.8699951171875,32204200,0.0,0.0,240.35271697998047,223.22765060424805,236.5024186237375,238.03857543431874,236.62796991029197,1.4106055240267779,-0.6296647057613192,0.001636167605379324,0.01859587949138039
2025-02-20 00:00:00-05:00,244.94000244140625,246.77999877929688,244.2899932861328,245.8300018310547,32316900,0.0,0.0,240.4138555908203,223.59571647644043,236.86820620049505,239.23725641843197,237.30960190442255,1.9276545140094186,-0.1182008618071716,0.003920475080696484,0.01856990635032656
2025-02-21 00:00:00-05:00,245.9499969482422,248.69000244140625,245.22000122070312,245.5500030517578,53197400,0.0,0.0,240.47338989257813,223.91087562561034,237.2086688221132,240.20844820817442,237.92000198941037,2.288446218764051,0.3631285543070729,-0.001138993520771736,0.018440983877824533
2025-02-24 00:00:00-05:00,244.92999267578125,248.86000061035156,244.4199981689453,247.10000610351562,51326400,0.0,0.0,240.48580993652342,224.24209548950196,237.59656440177605,241.26868788438077,238.6000022941589,2.6686855902218554,0.8242399614900294,0.00631237235794746,0.01846853789707982
2025-02-25 00:00:00-05:00,248.0,250.0,244.91000366210938,247.0399932861328,48013300,0.0,0.0,240.4766522216797,224.56958152770997,237.96689494626062,242.15658102311187,239.2251868120829,2.931394211028959,1.2456708113978152,-0.0002428685386501872,0.017862858937905797
2025-02-26 00:00:00-05:00,244.3300018310547,244.97999572753906,239.1300048828125,240.36000061035156,44433600,0.0,0.0,240.35946655273438,224.86197563171388,238.06074222720537,241.88018403653336,239.30924709343614,2.570936943097223,1.510724037737697,-0.027040126527384523,0.018496561216482476
2025-02-27 00:00:00-05:00,239.41000366210938,242.4600067138672,237.05999755859375,237.3000030517578,41078200,0.0,0.0,240.15171295166016,225.1299626159668,238.03090931836428,241.17554080810635,239.16041420145996,2.0151266066463904,1.6116045515194357,-0.012730893454915293,0.01863926154062722
