Date,Open,High,Low,Close,Volume,Dividends,Stock Splits,SMA_50,SMA_200,EMA_50
2024-02-28 00:00:00-05:00,595.7899780273438,598.1699829101562,590.010009765625,596.47998046875,2605200,0.0,0.0,,,596.47998046875
2024-02-29 00:00:00-05:00,604.25,604.52001953125,595.1599731445312,602.9199829101562,3572100,0.0,0.0,,,596.7325295840993
2024-03-01 00:00:00-05:00,599.8099975585938,620.280029296875,599.5,619.3400268554688,4264200,0.0,0.0,,,597.6190981045452
2024-03-04 00:00:00-05:00,621.5599975585938,624.4199829101562,615.0800170898438,615.8300170898438,3020300,0.0,0.0,,,598.3332517902431
2024-03-05 00:00:00-05:00,610.0999755859375,610.9099731445312,592.0,598.5,3849600,0.0,0.0,,,598.3397909357238
2024-03-06 00:00:00-05:00,602.989990234375,607.9299926757812,593.5599975585938,597.6900024414062,2469600,0.0,0.0,,,598.3143090339859
2024-03-07 00:00:00-05:00,599.3400268554688,610.530029296875,595.9000244140625,608.510009765625,2742800,0.0,0.0,,,598.7141404352267
2024-03-08 00:00:00-05:00,608.27001953125,616.0900268554688,600.8400268554688,604.8200073242188,2774600,0.0,0.0,,,598.9535861955793
2024-03-11 00:00:00-04:00,608.0800170898438,611.0,600.3699951171875,600.9299926757812,2500900,0.0,0.0,,,599.0310923320578
2024-03-12 00:00:00-04:00,600.2100219726562,615.2999877929688,596.27001953125,611.0800170898438,2821600,0.0,0.0,,,599.5035991853043
2024-03-13 00:00:00-04:00,613.3699951171875,614.8499755859375,607.2100219726562,609.4500122070312,2192100,0.0,0.0,,,599.893654597921
2024-03-14 00:00:00-04:00,615.0,620.7999877929688,607.3499755859375,613.010009765625,3120500,0.0,0.0,,,600.4080214672427
2024-03-15 00:00:00-04:00,622.9199829101562,622.9199829101562,603.8200073242188,605.8800048828125,6670900,0.0,0.0,,,600.622609052167
2024-03-18 00:00:00-04:00,613.5599975585938,627.4099731445312,610.4500122070312,618.3900146484375,3344200,0.0,0.0,,,601.3193700559424
2024-03-19 00:00:00-04:00,615.6199951171875,621.280029296875,608.0,620.739990234375,2142600,0.0,0.0,,,602.0809630041163
2024-03-20 00:00:00-04:00,619.9500122070312,629.510009765625,618.3400268554688,627.6900024414062,2639500,0.0,0.0,,,603.0852390604805
2024-03-21 00:00:00-04:00,630.6500244140625,634.3599853515625,622.3300170898438,622.7100219726562,2507700,0.0,0.0,,,603.8548383903697
2024-03-22 00:00:00-04:00,624.1599731445312,629.0499877929688,621.0,628.010009765625,2134100,0.0,0.0,,,604.8021000129287
2024-03-25 00:00:00-04:00,627.9000244140625,630.4600219726562,623.1599731445312,627.4600219726562,1803300,0.0,0.0,,,605.6906459721337
2024-03-26 00:00:00-04:00,625.2000122070312,634.3900146484375,619.1799926757812,629.239990234375,2804500,0.0,0.0,,,606.6141496686922
2024-03-27 00:00:00-04:00,629.010009765625,631.3499755859375,610.72998046875,613.530029296875,2628300,0.0,0.0,,,606.8853606345033
2024-03-28 00:00:00-04:00,614.989990234375,615.0,601.5900268554688,607.3300170898438,3708800,0.0,0.0,,,606.9027981425559
2024-04-01 00:00:00-04:00,608.0,615.1099853515625,605.5700073242188,614.3099975585938,2115900,0.0,0.0,,,607.1932765510279
2024-04-02 00:00:00-04:00,611.0,615.030029296875,605.510009765625,614.2100219726562,2029200,0.0,0.0,,,607.4684430381507
2024-04-03 00:00:00-04:00,612.75,630.4099731445312,611.5,630.0800170898438,2931200,0.0,0.0,,,608.3551714323347
2024-04-04 00:00:00-04:00,633.2100219726562,638.0,616.5800170898438,617.1400146484375,3064300,0.0,0.0,,,608.6996750878682
2024-04-05 00:00:00-04:00,624.9199829101562,637.9099731445312,622.7100219726562,636.1799926757812,3372800,0.0,0.0,,,609.7773346011196
2024-04-08 00:00:00-04:00,636.3900146484375,639.0,628.1099853515625,628.4099731445312,2145700,0.0,0.0,,,610.5080263087044
2024-04-09 00:00:00-04:00,631.989990234375,631.989990234375,615.6300048828125,618.2000122070312,2146600,0.0,0.0,,,610.8096728145212
2024-04-10 00:00:00-04:00,610.969970703125,620.1400146484375,609.3400268554688,618.5800170898438,2806200,0.0,0.0,,,611.1143921978671
2024-04-11 00:00:00-04:00,624.4199829101562,631.6599731445312,617.239990234375,628.780029296875,2662700,0.0,0.0,,,611.8071622801812
2024-04-12 00:00:00-04:00,628.22998046875,633.1199951171875,618.9199829101562,622.8300170898438,2956500,0.0,0.0,,,612.2394310962464
2024-04-15 00:00:00-04:00,630.1699829101562,630.1699829101562,603.8699951171875,607.1500244140625,3085400,0.0,0.0,,,612.0398465204745
2024-04-16 00:00:00-04:00,607.5,622.4500122070312,607.5,617.52001953125,3519100,0.0,0.0,,,612.2547552659951
2024-04-17 00:00:00-04:00,620.969970703125,620.969970703125,607.7100219726562,613.6900024414062,3312200,0.0,0.0,,,612.3110394689523
2024-04-18 00:00:00-04:00,612.0999755859375,621.3300170898438,605.4299926757812,610.5599975585938,8468400,0.0,0.0,,,612.2423711587422
2024-04-19 00:00:00-04:00,567.8800048828125,579.0,552.1599731445312,555.0399780273438,16425000,0.0,0.0,,,609.9991400555501
2024-04-22 00:00:00-04:00,550.6599731445312,558.6099853515625,542.010009765625,554.5999755859375,8597700,0.0,0.0,,,607.8266238018398
2024-04-23 00:00:00-04:00,556.489990234375,579.2100219726562,555.280029296875,577.75,4975500,0.0,0.0,,,606.6471483586304
2024-04-24 00:00:00-04:00,574.3099975585938,576.9099731445312,551.2999877929688,555.1199951171875,5355300,0.0,0.0,,,604.6264756824953
2024-04-25 00:00:00-04:00,549.4600219726562,566.5399780273438,545.7100219726562,564.7999877929688,3807100,0.0,0.0,,,603.0646526280041
2024-04-26 00:00:00-04:00,558.2100219726562,562.9199829101562,553.1900024414062,561.22998046875,4332600,0.0,0.0,,,601.4240772492097
2024-04-29 00:00:00-04:00,559.1799926757812,559.6400146484375,554.239990234375,559.489990234375,2508900,0.0,0.0,,,599.7796032486281
2024-04-30 00:00:00-04:00,560.0,560.0,549.3800048828125,550.6400146484375,3361500,0.0,0.0,,,597.8525605584244
2024-05-01 00:00:00-04:00,547.8400268554688,560.3900146484375,544.25,551.7100219726562,3473200,0.0,0.0,,,596.0430492413356
2024-05-02 00:00:00-04:00,556.02001953125,565.4600219726562,555.5900268554688,565.1500244140625,3068200,0.0,0.0,,,594.8315580716386
2024-05-03 00:00:00-04:00,566.0,580.260009765625,565.1599731445312,579.3400268554688,3307500,0.0,0.0,,,594.2240470435536
2024-05-06 00:00:00-04:00,581.8200073242188,597.3400268554688,580.25,596.969970703125,3686300,0.0,0.0,,,594.3317303243211
2024-05-07 00:00:00-04:00,596.280029296875,606.0499877929688,591.3200073242188,606.0,3614100,0.0,0.0,,,594.789309527289
2024-05-08 00:00:00-04:00,601.6300048828125,618.219970703125,601.6300048828125,609.469970703125,3093900,0.0,0.0,602.8898046875,,595.365021730263
2024-05-09 00:00:00-04:00,614.4000244140625,615.719970703125,605.75,612.0900268554688,2065400,0.0,0.0,603.2020056152344,,596.0209042841927
2024-05-10 00:00:00-04:00,619.0,623.97998046875,605.0599975585938,610.8699951171875,2653600,0.0,0.0,603.361005859375,,596.6032215717612
2024-05-13 00:00:00-04:00,614.2999877929688,618.219970703125,606.8300170898438,616.5900268554688,2086200,0.0,0.0,603.306005859375,,597.3870178573968
2024-05-14 00:00:00-04:00,615.1699829101562,621.47998046875,608.4000244140625,613.6599731445312,2792400,0.0,0.0,603.2626049804687,,598.0251729666962
2024-05-15 00:00:00-04:00,618.5700073242188,624.0999755859375,609.0999755859375,613.52001953125,5670600,0.0,0.0,603.5630053710937,,598.6328140084435
2024-05-16 00:00:00-04:00,615.75,618.3400268554688,609.0900268554688,610.52001953125,3056400,0.0,0.0,603.8196057128906,,599.0989789309065
2024-05-17 00:00:00-04:00,617.0,625.7899780273438,614.7100219726562,621.0999755859375,3782700,0.0,0.0,604.0714050292969,,599.9617631134566
2024-05-20 00:00:00-04:00,620.4000244140625,644.3699951171875,619.52001953125,640.8200073242188,3857900,0.0,0.0,604.7914050292969,,601.5640472001531
2024-05-21 00:00:00-04:00,636.760009765625,650.8800048828125,634.219970703125,650.6099853515625,2920200,0.0,0.0,605.7850048828125,,603.4874173237378
2024-05-22 00:00:00-04:00,647.1400146484375,649.25,638.1199951171875,640.469970703125,2176200,0.0,0.0,606.3728039550781,,604.9377135346942
2024-05-23 00:00:00-04:00,642.3400268554688,642.7100219726562,630.0,635.6699829101562,2313900,0.0,0.0,606.8972033691406,,606.1429005690261
2024-05-24 00:00:00-04:00,639.4000244140625,652.0,637.5999755859375,646.75,2613300,0.0,0.0,607.5720031738281,,607.7353358408291
2024-05-28 00:00:00-04:00,647.0499877929688,649.75,643.030029296875,649.0,2609500,0.0,0.0,608.4344030761719,,609.3535579647182
2024-05-29 00:00:00-04:00,644.1300048828125,664.25,643.8900146484375,654.6199951171875,3695900,0.0,0.0,609.1590026855469,,611.1287123628542
2024-05-30 00:00:00-04:00,653.52001953125,656.489990234375,644.72998046875,647.6599731445312,2393400,0.0,0.0,609.69740234375,,612.5613108248808
2024-05-31 00:00:00-04:00,644.010009765625,648.5800170898438,628.2999877929688,641.6199951171875,4071000,0.0,0.0,609.9760021972656,,613.700867071638
2024-06-03 00:00:00-04:00,645.219970703125,646.780029296875,627.27001953125,633.7899780273438,2323500,0.0,0.0,610.1976013183594,,614.4886753444108
2024-06-04 00:00:00-04:00,633.780029296875,635.22998046875,626.4400024414062,631.6199951171875,3008200,0.0,0.0,610.2698010253906,,615.1604918060883
2024-06-05 00:00:00-04:00,634.02001953125,651.25,628.25,650.27001953125,2682600,0.0,0.0,610.7260009765625,,616.5373360306045
2024-06-06 00:00:00-04:00,644.8900146484375,657.989990234375,644.239990234375,648.52001953125,2466700,0.0,0.0,611.1116015625,,617.7915589129827
2024-06-07 00:00:00-04:00,649.3800048828125,650.4000244140625,640.239990234375,641.469970703125,1876600,0.0,0.0,611.670400390625,,618.7201240812236
2024-06-10 00:00:00-04:00,641.010009765625,644.7899780273438,635.5900268554688,644.5,2066800,0.0,0.0,612.4138000488281,,619.7310996074501
2024-06-11 00:00:00-04:00,640.719970703125,650.1900024414062,640.52001953125,648.5499877929688,2167400,0.0,0.0,613.0985998535157,,620.8612520853136
2024-06-12 00:00:00-04:00,652.2100219726562,655.780029296875,643.1099853515625,650.0599975585938,2094400,0.0,0.0,613.8155993652343,,622.0063009274031
2024-06-13 00:00:00-04:00,644.0,655.25,642.3499755859375,653.260009765625,1863600,0.0,0.0,614.27919921875,,623.2319365681177
2024-06-14 00:00:00-04:00,655.0499877929688,675.5800170898438,652.6400146484375,669.3800048828125,4447100,0.0,0.0,615.3239990234375,,625.0416647373214
2024-06-17 00:00:00-04:00,669.1099853515625,682.7100219726562,665.1099853515625,675.8300170898438,3631200,0.0,0.0,616.1169995117187,,627.0333648295772
2024-06-18 00:00:00-04:00,675.6300048828125,687.0599975585938,674.6400146484375,685.6699829101562,2943800,0.0,0.0,617.2621997070313,,629.3328400484235
2024-06-20 00:00:00-04:00,681.7999877929688,689.8800048828125,673.719970703125,679.030029296875,2585100,0.0,0.0,618.4788000488281,,631.2817494307156
2024-06-21 00:00:00-04:00,683.260009765625,686.9000244140625,678.0999755859375,686.1199951171875,4557100,0.0,0.0,619.829599609375,,633.4322688694008
2024-06-24 00:00:00-04:00,685.0,685.5,664.5,669.02001953125,3916300,0.0,0.0,620.6343994140625,,634.8278669345714
2024-06-25 00:00:00-04:00,673.4400024414062,673.6699829101562,662.2999877929688,672.4099731445312,2278800,0.0,0.0,621.6259985351562,,636.3016750212365
2024-06-26 00:00:00-04:00,672.4099731445312,682.9600219726562,670.02001953125,677.6900024414062,3545800,0.0,0.0,623.0367980957031,,637.9247466847726
2024-06-27 00:00:00-04:00,679.3499755859375,688.5700073242188,678.1400146484375,684.3400268554688,2404800,0.0,0.0,624.3731982421875,,639.7449537502902
2024-06-28 00:00:00-04:00,679.0,687.0,673.0800170898438,674.8800048828125,3412400,0.0,0.0,625.5969982910157,,641.122798892742
2024-07-01 00:00:00-04:00,674.8900146484375,675.02001953125,663.780029296875,673.6099853515625,2212800,0.0,0.0,626.857998046875,,642.3968062048527
2024-07-02 00:00:00-04:00,673.5399780273438,681.739990234375,670.0700073242188,679.5800170898438,2411400,0.0,0.0,629.348798828125,,643.8549713375975
2024-07-03 00:00:00-04:00,677.47998046875,683.75,675.5,682.510009765625,1403500,0.0,0.0,631.9069995117187,,645.3708551975202
2024-07-05 00:00:00-04:00,682.510009765625,697.489990234375,677.22998046875,690.6500244140625,2659100,0.0,0.0,634.165,,647.1465088922865
2024-07-08 00:00:00-04:00,687.0,688.8599853515625,681.489990234375,685.739990234375,1930800,0.0,0.0,636.7773999023437,,648.659978748839
2024-07-09 00:00:00-04:00,690.0,695.27001953125,684.719970703125,685.739990234375,2596100,0.0,0.0,639.1961999511718,,650.114096846311
2024-07-10 00:00:00-04:00,685.02001953125,687.219970703125,673.1599731445312,677.6500244140625,2651900,0.0,0.0,641.5246008300782,,651.1939371430856
2024-07-11 00:00:00-04:00,672.489990234375,672.489990234375,647.4400024414062,652.75,5106600,0.0,0.0,643.3898010253906,,651.2549592159058
2024-07-12 00:00:00-04:00,652.75,655.9199829101562,643.7100219726562,647.5999755859375,3355200,0.0,0.0,645.3290002441406,,651.1116265245346
2024-07-15 00:00:00-04:00,647.5,667.5399780273438,646.6300048828125,656.4500122070312,3208800,0.0,0.0,647.4238000488281,,651.3209749826717
2024-07-16 00:00:00-04:00,661.7999877929688,663.6799926757812,649.1300048828125,656.3200073242188,2685700,0.0,0.0,649.2471997070312,,651.5170154666539
2024-07-17 00:00:00-04:00,650.0,650.4500122070312,639.469970703125,647.4600219726562,4017300,0.0,0.0,650.609599609375,,651.3579176825756
2024-07-18 00:00:00-04:00,656.5999755859375,657.0399780273438,639.1699829101562,643.0399780273438,7575800,0.0,0.0,651.5309997558594,,651.0317239706058
2024-07-19 00:00:00-04:00,660.6400146484375,678.969970703125,629.1199951171875,633.3400268554688,9815600,0.0,0.0,652.0778002929687,,650.337931926875
2024-07-22 00:00:00-04:00,639.5,656.2899780273438,632.5999755859375,647.5,5219100,0.0,0.0,652.8384008789062,,650.2266404787622
2024-07-23 00:00:00-04:00,647.5,649.9099731445312,641.0,642.760009765625,2463600,0.0,0.0,653.4518005371094,,649.9338314311882
2024-07-24 00:00:00-04:00,635.739990234375,652.4199829101562,632.6699829101562,635.989990234375,4888200,0.0,0.0,653.9542004394531,,649.3870141293525
2024-07-25 00:00:00-04:00,641.0,649.97998046875,621.7000122070312,634.0900268554688,4554500,0.0,0.0,654.3042004394531,,648.7871322754747
2024-07-26 00:00:00-04:00,645.0,646.989990234375,629.77001953125,631.3699951171875,3120700,0.0,0.0,654.6584008789063,,648.1041072888752
2024-07-29 00:00:00-04:00,634.6099853515625,634.6099853515625,623.9299926757812,626.9600219726562,2400500,0.0,0.0,654.9272009277344,,647.2749274725529
2024-07-30 00:00:00-04:00,630.1699829101562,634.6900024414062,617.0,622.5800170898438,3496600,0.0,0.0,655.1684008789063,,646.3064996144075
2024-07-31 00:00:00-04:00,626.5700073242188,633.5999755859375,622.5800170898438,628.3499755859375,3134900,0.0,0.0,655.3134008789062,,645.6023222015264
2024-08-01 00:00:00-04:00,629.25,646.7100219726562,617.6099853515625,624.8499755859375,3720600,0.0,0.0,654.9940002441406,,644.7885046871896
2024-08-02 00:00:00-04:00,620.97998046875,625.27001953125,608.3499755859375,613.6400146484375,3523000,0.0,0.0,654.2546008300782,,643.5669952739053
2024-08-05 00:00:00-04:00,587.0399780273438,604.5599975585938,587.0399780273438,598.5499877929688,4044200,0.0,0.0,653.416201171875,,641.8016224315156
2024-08-06 00:00:00-04:00,600.6199951171875,622.4500122070312,600.6199951171875,609.5700073242188,4319100,0.0,0.0,652.8942016601562,,640.5376375253472
2024-08-07 00:00:00-04:00,616.0700073242188,632.0,610.6400146484375,611.47998046875,3187800,0.0,0.0,652.1888012695313,,639.3981215623434
2024-08-08 00:00:00-04:00,621.989990234375,632.2899780273438,616.02001953125,630.3499755859375,3283500,0.0,0.0,651.81580078125,,639.0432923083666
2024-08-09 00:00:00-04:00,622.989990234375,636.6199951171875,622.989990234375,633.9400024414062,1980800,0.0,0.0,651.4022009277344,,638.843163293976
2024-08-12 00:00:00-04:00,631.0,639.0,627.0700073242188,633.1400146484375,2331700,0.0,0.0,651.1118017578125,,638.6195104059157
2024-08-13 00:00:00-04:00,638.5599975585938,650.969970703125,635.5,648.02001953125,2639600,0.0,0.0,651.2398022460937,,638.9881578225954
2024-08-14 00:00:00-04:00,648.7000122070312,663.5700073242188,648.7000122070312,661.6799926757812,4014300,0.0,0.0,651.7976025390625,,639.878033699191
2024-08-15 00:00:00-04:00,668.489990234375,673.1900024414062,659.7999877929688,663.219970703125,3210200,0.0,0.0,652.4296020507812,,640.7934037777767
2024-08-16 00:00:00-04:00,669.4299926757812,680.22998046875,665.3599853515625,674.0700073242188,3511000,0.0,0.0,652.9056018066407,,642.0983686227353
2024-08-19 00:00:00-04:00,674.0700073242188,688.8400268554688,672.9099731445312,688.530029296875,3016200,0.0,0.0,653.7058020019531,,643.9192180609368
2024-08-20 00:00:00-04:00,688.8599853515625,711.3300170898438,688.25,698.5399780273438,4813100,0.0,0.0,654.8472021484375,,646.0612086478548
2024-08-21 00:00:00-04:00,697.0,701.0,691.3800048828125,697.1199951171875,2235300,0.0,0.0,655.8996020507813,,648.0635139995933
2024-08-22 00:00:00-04:00,691.0,701.5,686.239990234375,688.9600219726562,2729400,0.0,0.0,656.707802734375,,649.6672986259879
2024-08-23 00:00:00-04:00,694.1300048828125,696.0700073242188,678.6300048828125,686.72998046875,2354500,0.0,0.0,657.4412023925781,,651.1207371296257
2024-08-26 00:00:00-04:00,687.260009765625,690.5900268554688,681.6400146484375,688.4400024414062,1354200,0.0,0.0,658.1448022460937,,652.5842377300877
2024-08-27 00:00:00-04:00,688.530029296875,707.8900146484375,686.9199829101562,695.719970703125,3164900,0.0,0.0,658.6716015625,,654.2758351015793
2024-08-28 00:00:00-04:00,695.8300170898438,696.6699829101562,677.0999755859375,683.8400268554688,2430600,0.0,0.0,658.8318017578125,,655.4352151703592
2024-08-29 00:00:00-04:00,690.0,699.7999877929688,686.0700073242188,692.47998046875,2187000,0.0,0.0,658.9680017089844,,656.8879510644139
2024-08-30 00:00:00-04:00,700.3599853515625,701.8599853515625,688.1599731445312,701.3499755859375,3266700,0.0,0.0,659.4144006347656,,658.6315598691796
2024-09-03 00:00:00-04:00,700.0999755859375,703.8599853515625,671.010009765625,675.3200073242188,3161000,0.0,0.0,659.1984008789062,,659.286008788985
2024-09-04 00:00:00-04:00,673.3099975585938,684.6500244140625,673.0599975585938,679.6799926757812,1785300,0.0,0.0,659.4116003417969,,660.085772862977
2024-09-05 00:00:00-04:00,673.1400146484375,687.3099975585938,671.8599853515625,683.6199951171875,1810100,0.0,0.0,659.63580078125,,661.0086835396128
2024-09-06 00:00:00-04:00,681.8599853515625,683.1500244140625,662.3400268554688,665.77001953125,2991300,0.0,0.0,659.3974011230468,,661.1954025981083
2024-09-09 00:00:00-04:00,674.0,683.5,672.1400146484375,675.4199829101562,2683100,0.0,0.0,659.2190002441406,,661.7532292770122
2024-09-10 00:00:00-04:00,676.8699951171875,680.5900268554688,665.8099975585938,673.6199951171875,2079200,0.0,0.0,659.1938000488282,,662.2185926432936
2024-09-11 00:00:00-04:00,677.4600219726562,682.969970703125,660.7999877929688,681.469970703125,2391900,0.0,0.0,659.3509997558593,,662.9735486456399
2024-09-12 00:00:00-04:00,684.9199829101562,694.8800048828125,682.2000122070312,686.7999877929688,2588400,0.0,0.0,659.4953991699218,,663.9079188082802
2024-09-13 00:00:00-04:00,680.010009765625,699.6400146484375,680.0,697.0599975585938,2276500,0.0,0.0,659.7863989257812,,665.2080003279003
2024-09-16 00:00:00-04:00,700.0,703.02001953125,688.6300048828125,696.5,1843700,0.0,0.0,659.9033984375,,666.4351375699434
2024-09-17 00:00:00-04:00,700.8200073242188,707.6300048828125,698.3699951171875,706.9099731445312,2298600,0.0,0.0,660.3267980957031,,668.0223860238489
2024-09-18 00:00:00-04:00,707.5499877929688,707.5499877929688,688.0,690.469970703125,2984400,0.0,0.0,660.4213977050781,,668.9026834622518
2024-09-19 00:00:00-04:00,705.0,715.6599731445312,695.3699951171875,704.3200073242188,4228500,0.0,0.0,660.9547973632813,,670.2915981235054
2024-09-20 00:00:00-04:00,705.5499877929688,706.6699829101562,696.3099975585938,701.030029296875,3998100,0.0,0.0,661.9203979492188,,671.4970267969709
2024-09-23 00:00:00-04:00,702.3900146484375,712.25,699.1599731445312,705.3699951171875,3224300,0.0,0.0,663.0757983398438,,672.8253784958029
2024-09-24 00:00:00-04:00,706.6300048828125,722.4400024414062,704.4500122070312,722.260009765625,3565700,0.0,0.0,664.3919982910156,,674.7639914867763
2024-09-25 00:00:00-04:00,721.0,725.1199951171875,716.2100219726562,721.5599975585938,2259800,0.0,0.0,665.6967980957031,,676.5991289797887
2024-09-26 00:00:00-04:00,724.72998046875,725.260009765625,701.719970703125,711.4299926757812,2833000,0.0,0.0,666.9761975097656,,677.965045203161
2024-09-27 00:00:00-04:00,708.3599853515625,710.7100219726562,701.25,707.3499755859375,2395600,0.0,0.0,668.2623974609374,,679.1173954142503
2024-09-30 00:00:00-04:00,707.0,711.2100219726562,702.8200073242188,709.27001953125,1709900,0.0,0.0,669.7809973144531,,680.2998512619757
2024-10-01 00:00:00-04:00,713.6400146484375,717.760009765625,698.5900268554688,706.1300048828125,2813500,0.0,0.0,670.9535974121094,,681.3127984627928
2024-10-02 00:00:00-04:00,706.1300048828125,716.2100219726562,704.6900024414062,711.0900268554688,1758200,0.0,0.0,672.3201977539062,,682.4805329095644
2024-10-03 00:00:00-04:00,704.260009765625,708.8099975585938,700.0,706.7999877929688,2256400,0.0,0.0,673.7363977050782,,683.4342370226391
2024-10-04 00:00:00-04:00,713.3200073242188,721.010009765625,708.8200073242188,719.7000122070312,2229000,0.0,0.0,675.4485974121094,,684.8564242847722
2024-10-07 00:00:00-04:00,714.760009765625,715.8800048828125,696.4299926757812,701.9199829101562,3360500,0.0,0.0,676.8595971679688,,685.525583446552
2024-10-08 00:00:00-04:00,703.8800048828125,725.0599975585938,703.5499877929688,721.760009765625,3187400,0.0,0.0,678.7555969238281,,686.9465413414176
2024-10-09 00:00:00-04:00,719.25,728.5900268554688,718.8699951171875,727.4299926757812,1981100,0.0,0.0,680.8525964355468,,688.5341276682555
2024-10-10 00:00:00-04:00,723.2899780273438,733.8499755859375,722.5,730.2899780273438,2767900,0.0,0.0,682.891396484375,,690.1716119960629
2024-10-11 00:00:00-04:00,734.9000244140625,736.0,721.219970703125,722.7899780273438,2299500,0.0,0.0,684.8501965332031,,691.4507636051328
2024-10-14 00:00:00-04:00,725.0,726.6199951171875,711.3099975585938,713.0,2797100,0.0,0.0,686.8373962402344,,692.2958316990492
2024-10-15 00:00:00-04:00,712.510009765625,713.4000244140625,699.780029296875,705.97998046875,2932800,0.0,0.0,688.98599609375,,692.8324649841355
2024-10-16 00:00:00-04:00,703.4299926757812,705.5900268554688,697.8200073242188,702.0,2494300,0.0,0.0,690.8345959472656,,693.1919761612282
2024-10-17 00:00:00-04:00,704.3499755859375,704.4099731445312,677.8800048828125,687.6500244140625,8926700,0.0,0.0,692.3579968261719,,692.9746447201629
2024-10-18 00:00:00-04:00,737.6400146484375,766.280029296875,736.22998046875,763.8900146484375,15974100,0.0,0.0,695.0287976074219,,695.755639619311
2024-10-21 00:00:00-04:00,765.760009765625,773.0,756.5999755859375,772.0700073242188,6057100,0.0,0.0,697.7913977050781,,698.7483599214643
2024-10-22 00:00:00-04:00,765.27001953125,769.7000122070312,761.1199951171875,764.239990234375,2987300,0.0,0.0,700.4133972167969,,701.3166591494215
2024-10-23 00:00:00-04:00,762.8300170898438,763.7899780273438,744.260009765625,749.2899780273438,3749000,0.0,0.0,702.4387963867188,,703.1979657720851
2024-10-24 00:00:00-04:00,751.969970703125,755.8200073242188,746.25,754.5499877929688,2643000,0.0,0.0,704.2961962890626,,705.2117705572177
2024-10-25 00:00:00-04:00,756.1699829101562,768.5,753.530029296875,754.6799926757812,2819500,0.0,0.0,706.1253967285156,,707.151700836377
2024-10-28 00:00:00-04:00,758.6799926757812,758.6799926757812,747.8800048828125,749.1199951171875,2862400,0.0,0.0,707.626396484375,,708.7975162983696
2024-10-29 00:00:00-04:00,751.1300048828125,763.8800048828125,748.010009765625,759.4400024414062,3660400,0.0,0.0,709.0445959472656,,710.7834961471162
2024-10-30 00:00:00-04:00,758.0800170898438,759.7899780273438,752.280029296875,753.739990234375,1722000,0.0,0.0,710.1485961914062,,712.4680645426951
2024-10-31 00:00:00-04:00,753.9299926757812,760.7899780273438,752.22998046875,756.030029296875,3057700,0.0,0.0,711.326796875,,714.1763768859963
2024-11-01 00:00:00-04:00,753.47998046875,763.7999877929688,747.77001953125,756.0999755859375,2996800,0.0,0.0,712.6695959472656,,715.8204395801117
2024-11-04 00:00:00-05:00,753.1400146484375,762.47998046875,749.6900024414062,755.510009765625,1902200,0.0,0.0,714.0451965332031,,717.376893312877
2024-11-05 00:00:00-05:00,757.3499755859375,767.530029296875,756.27001953125,763.9099731445312,2200600,0.0,0.0,715.5545959472656,,719.2017199729419
2024-11-06 00:00:00-05:00,771.5,781.489990234375,757.3800048828125,780.2100219726562,3690800,0.0,0.0,717.2443969726562,,721.5942024043032
2024-11-07 00:00:00-05:00,781.3699951171875,798.219970703125,779.9400024414062,796.5399780273438,3295100,0.0,0.0,719.4983959960938,,724.5332524287362
2024-11-08 00:00:00-05:00,797.3599853515625,799.0599975585938,788.6500244140625,795.0399780273438,1910600,0.0,0.0,721.5495959472656,,727.2982220600542
2024-11-11 00:00:00-05:00,795.9000244140625,806.8200073242188,795.5700073242188,805.4400024414062,2399200,0.0,0.0,723.631396484375,,730.3626056044209
2024-11-12 00:00:00-05:00,807.5,820.3699951171875,803.75,819.5,2814100,0.0,0.0,726.5149963378906,,733.8581896983652
2024-11-13 00:00:00-05:00,822.6199951171875,836.989990234375,820.5399780273438,830.469970703125,2767800,0.0,0.0,729.5307958984375,,737.6468869926695
2024-11-14 00:00:00-05:00,833.6699829101562,841.0,830.02001953125,837.260009765625,3038200,0.0,0.0,732.6035961914063,,741.5532839641579
2024-11-15 00:00:00-05:00,832.0399780273438,832.0399780273438,816.489990234375,823.9600219726562,3673700,0.0,0.0,735.7673962402343,,744.784920748805
2024-11-18 00:00:00-05:00,815.5,848.4500122070312,809.3300170898438,847.0499877929688,4084100,0.0,0.0,739.1999963378906,,748.7953155348507
2024-11-19 00:00:00-05:00,839.75,874.489990234375,839.1599731445312,871.3200073242188,3814200,0.0,0.0,743.1539965820313,,753.6002054089437
2024-11-20 00:00:00-05:00,879.97998046875,890.5999755859375,868.4000244140625,883.8499755859375,4093800,0.0,0.0,747.2015966796876,,758.7080395335317
2024-11-21 00:00:00-05:00,883.9299926757812,908.0,877.239990234375,897.47998046875,4511300,0.0,0.0,751.4151965332031,,764.1500764329521
2024-11-22 00:00:00-05:00,896.0,906.0,893.0,897.7899780273438,3214000,0.0,0.0,755.4297961425781,,769.3908568876342
2024-11-25 00:00:00-05:00,902.0499877929688,902.0499877929688,864.219970703125,865.5900268554688,6014200,0.0,0.0,758.8115966796875,,773.1633733569611
2024-11-26 00:00:00-05:00,867.489990234375,886.3599853515625,867.25,872.5999755859375,3138300,0.0,0.0,762.1253967285156,,777.0628479541758
2024-11-27 00:00:00-05:00,872.0599975585938,880.9500122070312,858.9099731445312,877.3400268554688,2578200,0.0,0.0,765.8627978515625,,780.9952863424618
2024-11-29 00:00:00-05:00,882.1699829101562,892.4099731445312,876.6799926757812,886.8099975585938,2027200,0.0,0.0,769.51259765625,,785.1448828607415
2024-12-02 00:00:00-05:00,887.510009765625,902.3400268554688,884.1199951171875,897.739990234375,2389000,0.0,0.0,773.446796875,,789.5603772675507
2024-12-03 00:00:00-05:00,894.3599853515625,902.6900024414062,888.030029296875,902.1699829101562,2401600,0.0,0.0,777.3827966308594,,793.9764402339274
2024-12-04 00:00:00-05:00,898.0499877929688,915.969970703125,898.0499877929688,911.0599975585938,2689600,0.0,0.0,781.1587963867188,,798.5679522858751
2024-12-05 00:00:00-05:00,917.8499755859375,927.0,911.1099853515625,917.8699951171875,2835300,0.0,0.0,785.0849963378906,,803.246463769456
2024-12-06 00:00:00-05:00,915.22998046875,935.27001953125,912.7100219726562,934.739990234375,2955400,0.0,0.0,789.5511962890625,,808.4030726504332
2024-12-09 00:00:00-05:00,928.0,930.2999877929688,902.5900268554688,913.6900024414062,3350100,0.0,0.0,793.6779968261719,,812.5319718579223
2024-12-10 00:00:00-05:00,913.760009765625,922.8800048828125,909.5800170898438,913.3499755859375,2388600,0.0,0.0,797.7595959472657,,816.4856190629425
2024-12-11 00:00:00-05:00,924.7100219726562,941.75,923.0800170898438,936.5599975585938,3501700,0.0,0.0,802.3681958007812,682.2624996948242,821.1944182196347
2024-12-12 00:00:00-05:00,933.3499755859375,934.0900268554688,922.5999755859375,925.5499877929688,2486200,0.0,0.0,806.6573950195312,683.9078497314454,825.2867934970204
2024-12-13 00:00:00-05:00,916.8099975585938,925.5499877929688,909.6099853515625,918.8699951171875,2485800,0.0,0.0,810.8987951660156,685.4875997924805,828.9567229723211
2024-12-16 00:00:00-05:00,923.9400024414062,928.9400024414062,919.5,921.0800170898438,2674900,0.0,0.0,814.9263952636719,686.9962997436523,832.5694011730083
2024-12-17 00:00:00-05:00,921.5399780273438,928.4500122070312,916.4199829101562,919.1300048828125,2459500,0.0,0.0,819.270595703125,688.5127996826172,835.9639346518242
2024-12-18 00:00:00-05:00,919.1300048828125,922.4400024414062,886.5599975585938,889.5499877929688,2938200,0.0,0.0,822.6263952636718,689.968049621582,838.0653485004965
2024-12-19 00:00:00-05:00,908.1799926757812,912.6199951171875,899.0,902.0399780273438,2815500,0.0,0.0,826.1185949707032,691.4897994995117,840.5741575015494
2024-12-20 00:00:00-05:00,893.2100219726562,919.9199829101562,890.489990234375,909.0499877929688,4530500,0.0,0.0,829.6937951660157,692.9924993896484,843.2594841796443
2024-12-23 00:00:00-05:00,913.4199829101562,915.0,899.0999755859375,911.4500122070312,2339400,0.0,0.0,833.4669958496094,694.5256494140625,845.9336225336596
2024-12-24 00:00:00-05:00,915.0,935.8499755859375,911.7000122070312,932.1199951171875,2320300,0.0,0.0,837.8493957519531,696.1815994262695,849.3134802820332
2024-12-26 00:00:00-05:00,928.4000244140625,930.489990234375,915.2999877929688,924.1400146484375,2340300,0.0,0.0,842.2125964355469,697.7468994140625,852.247854178755
2024-12-27 00:00:00-05:00,916.010009765625,918.1300048828125,894.5,907.5499877929688,3226200,0.0,0.0,846.3235961914063,699.2373992919922,854.416565300881
2024-12-30 00:00:00-05:00,894.510009765625,908.22998046875,889.7100219726562,900.4299926757812,2203000,0.0,0.0,850.5791955566406,700.6744992065429,856.22101343323
2024-12-31 00:00:00-05:00,901.7999877929688,902.6799926757812,889.469970703125,891.3200073242188,1875900,0.0,0.0,853.1277954101563,702.10169921875,857.59744456621
2025-01-02 00:00:00-05:00,895.5,898.5800170898438,877.0,886.72998046875,2312300,0.0,0.0,855.4209948730469,703.4433990478516,858.739896954545
2025-01-03 00:00:00-05:00,893.1300048828125,898.8300170898438,879.8900146484375,881.0499877929688,2967300,0.0,0.0,857.7571948242188,704.7449490356445,859.6148024776204
2025-01-06 00:00:00-05:00,888.760009765625,892.8300170898438,871.6900024414062,881.7899780273438,3457700,0.0,0.0,860.4071948242188,706.0154489135742,860.4844172050606
2025-01-07 00:00:00-05:00,879.3800048828125,888.0,869.1099853515625,879.1900024414062,2649800,0.0,0.0,862.8999951171875,707.297848815918,861.2179695672702
2025-01-08 00:00:00-05:00,880.0,886.219970703125,873.0,875.0,2347900,0.0,0.0,865.3063952636719,708.5327987670898,861.7584413489458
2025-01-10 00:00:00-05:00,866.4000244140625,866.4099731445312,834.4000244140625,837.6900024414062,4803300,0.0,0.0,867.0777954101562,709.5839486694335,860.8145809996305
2025-01-13 00:00:00-05:00,831.530029296875,847.0700073242188,829.1400146484375,840.2899780273438,3024500,0.0,0.0,868.694794921875,710.6391986083985,860.0096946085605
2025-01-14 00:00:00-05:00,843.2000122070312,844.8900146484375,823.52001953125,828.4000244140625,3037700,0.0,0.0,870.1879956054687,711.7135485839843,858.7700996989723
2025-01-15 00:00:00-05:00,836.4400024414062,850.8400268554688,830.4099731445312,848.260009765625,3181400,0.0,0.0,872.0325952148437,712.9181985473633,858.3579393094293
2025-01-16 00:00:00-05:00,860.9600219726562,868.97998046875,842.02001953125,842.3699951171875,4028500,0.0,0.0,873.7579956054688,714.0584985351562,857.730961105812
2025-01-17 00:00:00-05:00,859.7899780273438,865.0,852.1300048828125,858.0999755859375,3617600,0.0,0.0,875.809794921875,715.2779483032226,857.7454322618954
2025-01-21 00:00:00-05:00,863.530029296875,916.4000244140625,854.75,869.6799926757812,9851400,0.0,0.0,877.9251953125,716.4759481811524,858.2134542389106
2025-01-22 00:00:00-05:00,998.030029296875,999.0,950.760009765625,953.989990234375,14273200,0.0,0.0,881.4007946777343,718.1601980590821,861.969396826968
2025-01-23 00:00:00-05:00,957.8099975585938,985.0,953.9000244140625,984.8599853515625,7752100,0.0,0.0,885.1671948242188,719.903598022461,866.7886355926383
2025-01-24 00:00:00-05:00,984.4099731445312,986.280029296875,967.6799926757812,977.5900268554688,4550400,0.0,0.0,888.8181958007813,721.6494982910157,871.1337881911808
2025-01-27 00:00:00-05:00,971.0999755859375,982.27001953125,960.260009765625,971.8900146484375,4634200,0.0,0.0,892.1471960449219,723.4179483032226,875.085012758132
2025-01-28 00:00:00-05:00,966.7100219726562,977.9299926757812,957.2999877929688,971.8300170898438,3434000,0.0,0.0,895.1937963867188,725.1841983032226,878.8789344966306
2025-01-29 00:00:00-05:00,980.0,987.6400146484375,968.22998046875,978.1500244140625,2930700,0.0,0.0,898.1473974609376,726.9310482788086,882.7719184149612
2025-01-30 00:00:00-05:00,986.75,994.5900268554688,970.010009765625,973.239990234375,3867800,0.0,0.0,900.8669970703126,728.6830981445313,886.3196859372911
2025-01-31 00:00:00-05:00,974.0,990.2899780273438,974.0,976.760009765625,3618700,0.0,0.0,903.9229968261719,730.5311480712891,889.8663653031081
2025-02-03 00:00:00-05:00,973.0,987.6900024414062,964.3800048828125,978.9400024414062,3724200,0.0,0.0,906.5607971191406,732.3382479858399,893.3594491124531
2025-02-04 00:00:00-05:00,980.469970703125,1008.0,978.510009765625,994.8699951171875,6000100,0.0,0.0,909.031796875,734.2441479492187,897.340254838129
2025-02-05 00:00:00-05:00,987.72998046875,1011.8300170898438,986.6799926757812,1011.1099853515625,3993400,0.0,0.0,911.5769970703125,736.2468978881836,901.8018128974793
2025-02-06 00:00:00-05:00,1007.8699951171875,1016.3499755859375,1002.6099853515625,1015.6799926757812,3134300,0.0,0.0,913.9409973144532,738.5500979614258,906.2676238691774
2025-02-07 00:00:00-05:00,1017.0,1027.760009765625,1005.6699829101562,1013.9299926757812,3212900,0.0,0.0,916.2637976074219,740.846748046875,910.4896775478678
2025-02-10 00:00:00-05:00,1023.0499877929688,1032.8499755859375,1015.8800048828125,1027.5999755859375,3296600,0.0,0.0,919.5039965820313,743.0959979248047,915.0822382552432
2025-02-11 00:00:00-05:00,1020.7899780273438,1022.6900024414062,1002.9500122070312,1008.0800170898438,3331800,0.0,0.0,922.2135974121094,745.3607980346679,918.729209974247
2025-02-12 00:00:00-05:00,1005.489990234375,1027.739990234375,998.3499755859375,1027.31005859375,3389000,0.0,0.0,925.212998046875,747.6733483886719,922.9872824691296
2025-02-13 00:00:00-05:00,1026.6300048828125,1045.989990234375,1025.0999755859375,1043.68994140625,3476100,0.0,0.0,928.3505969238281,750.0856481933594,927.720720074507
2025-02-14 00:00:00-05:00,1044.949951171875,1064.5,1041.68994140625,1058.5999755859375,3145400,0.0,0.0,931.5677966308593,752.5811981201172,932.8532398984847
2025-02-18 00:00:00-05:00,1060.0,1062.0,1023.75,1035.8499755859375,4229300,0.0,0.0,934.241396484375,755.0072479248047,936.8923275725025
2025-02-19 00:00:00-05:00,1035.1800537109375,1045.0,1024.510009765625,1043.3299560546875,2600000,0.0,0.0,936.8867956542969,757.4653475952149,941.0663522188627
2025-02-20 00:00:00-05:00,1042.0,1045.0,1015.5900268554688,1024.5400390625,3111800,0.0,0.0,939.0201965332031,759.762297668457,944.3398301342995
2025-02-21 00:00:00-05:00,1029.4200439453125,1032.3800048828125,999.3900146484375,1003.1500244140625,3738700,0.0,0.0,940.3883972167969,761.88134765625,946.6461122629177
2025-02-24 00:00:00-05:00,1008.0,1015.1699829101562,984.47998046875,988.469970703125,4426200,0.0,0.0,941.8839965820313,763.83884765625,948.2862635742983
2025-02-25 00:00:00-05:00,989.4000244140625,994.4000244140625,955.0,977.239990234375,4738300,0.0,0.0,943.161796875,765.6950476074219,949.4217038354778
2025-02-26 00:00:00-05:00,977.5999755859375,1000.8900146484375,976.9000244140625,990.0599975585938,3397200,0.0,0.0,944.231796875,767.5979977416993,951.015362412855
2025-02-27 00:00:00-05:00,995.0,1000.72998046875,961.8300170898438,963.0700073242188,3762000,0.0,0.0,944.982197265625,769.352897644043,951.4880935858496
