Date,Open,High,Low,Close,Volume,Dividends,Stock Splits,MACD,Signal_Line
2024-02-28 00:00:00-05:00,405.0873045429746,406.1988137086949,402.24898865810695,404.63079833984375,13183100,0.0,0.0,0.0,0.0
2024-02-29 00:00:00-05:00,405.5438348800808,411.06170550216336,402.84444253870316,410.5059509277344,31947300,0.0,0.0,0.46867314091434764,0.09373462818286954
2024-03-01 00:00:00-05:00,408.153876143975,412.71902889421233,407.76684684717014,412.3518371582031,17800300,0.0,0.0,0.9777763763585767,0.27054297781801095
2024-03-04 00:00:00-05:00,410.30747829521556,414.18785690698894,409.1959690810067,411.7762756347656,17596000,0.0,0.0,1.3195899421290846,0.48035237068022574
2024-03-05 00:00:00-05:00,410.8234857245891,411.1112969231929,397.6044321579871,399.59918212890625,26919200,0.0,0.0,0.6009624568137042,0.5044743879069215
2024-03-06 00:00:00-05:00,399.91679432847235,402.0902036474927,395.37150921419715,399.04345703125,22344100,0.0,0.0,-0.013244697098912184,0.40093057090575474
2024-03-07 00:00:00-05:00,403.04290164123864,406.67517415608603,399.19229481283145,406.0400390625,18718500,0.0,0.0,0.06382170842078949,0.33350879840876174
2024-03-08 00:00:00-05:00,404.8689575439801,407.3103404061873,401.2664565057241,403.14215087890625,17971700,0.0,0.0,-0.10769650940369502,0.2452677368462704
2024-03-11 00:00:00-04:00,400.70079606171487,402.6062316222378,398.21973809181884,401.45501708984375,16120800,0.0,0.0,-0.37543574005286473,0.12112704146644337
2024-03-12 00:00:00-04:00,404.5315189350478,412.4212950799544,403.70782104780903,412.13348388671875,22457000,0.0,0.0,0.27091903158299147,0.151085439489753
2024-03-13 00:00:00-04:00,414.9321647542621,415.0115452878592,408.3325562328795,411.95489501953125,17115900,0.0,0.0,0.759988540962695,0.2728660597843414
2024-03-14 00:00:00-04:00,417.05592096351893,424.5785058716351,414.8229687362819,421.9981994628906,34157300,0.0,0.0,1.935677103155399,0.605428268458553
2024-03-15 00:00:00-04:00,416.1131423873529,419.39806083838096,409.6623914264508,413.264892578125,45049800,0.0,0.0,2.138067568730662,0.9119561285129749
2024-03-18 00:00:00-04:00,411.111304092611,417.54221722990445,410.6448639845401,414.1580505371094,20106000,0.0,0.0,2.3435192228898245,1.1982687473883449
2024-03-19 00:00:00-04:00,414.6641794557911,418.4751112612702,412.40145573236146,418.2170715332031,19837900,0.0,0.0,2.801575393524672,1.5189300766156104
2024-03-20 00:00:00-04:00,418.8025799169323,422.7325672103819,417.472736496582,422.00811767578125,17860100,0.0,0.0,3.4309441608826887,1.9013328934690263
2024-03-21 00:00:00-04:00,426.5732359122919,427.55575544088225,423.9234830206928,426.1167297363281,21296200,0.0,0.0,4.212692799273668,2.3636048746299547
2024-03-22 00:00:00-04:00,426.4442947841674,426.6030558566972,422.8417934382558,425.4915466308594,17636500,0.0,0.0,4.7272938745081206,2.836342674605588
2024-03-25 00:00:00-04:00,422.0180389961963,424.1716107025241,418.41553787360243,419.65606689453125,18060500,0.0,0.0,4.611090705203935,3.1912922807252575
2024-03-26 00:00:00-04:00,422.38524885715407,422.7623745415083,418.1575463672177,418.45526123046875,16725600,0.0,0.0,4.3717095286421,3.427375730308626
2024-03-27 00:00:00-04:00,421.2241115258407,421.23404544961727,415.83526074059097,418.2369079589844,16705000,0.0,0.0,4.116921627586237,3.565284909764148
2024-03-28 00:00:00-04:00,417.7704594727013,418.6735682140503,415.94440442920035,417.53228759765625,21871200,0.0,0.0,3.8141759597289138,3.6150631197571013
2024-04-01 00:00:00-04:00,420.7377908946275,424.6479403829761,419.0208880059547,421.35308837890625,16316000,0.0,0.0,3.8383088924222193,3.659712274290125
2024-04-02 00:00:00-04:00,416.9269168072685,419.17973696688534,414.6741269340057,418.2468566894531,17912000,0.0,0.0,3.5656844867705217,3.640906716786205
2024-04-03 00:00:00-04:00,416.54979735190346,420.0530500088036,415.91463197146663,417.26434326171875,16502300,0.0,0.0,3.23307814637775,3.5593410027045143
2024-04-04 00:00:00-04:00,421.76992047315406,425.4220608182633,414.4061573873391,414.71380615234375,19370900,0.0,0.0,2.732183288098554,3.3939094597833224
2024-04-05 00:00:00-04:00,416.8276673390752,423.2784179752705,415.1504697507563,422.2958984375,16544300,0.0,0.0,2.913447575292821,3.2978170828852225
2024-04-08 00:00:00-04:00,421.9485777283347,424.0425761054586,420.09272093696904,421.3729553222656,14272400,0.0,0.0,2.94863698113528,3.227981062535234
2024-04-09 00:00:00-04:00,423.20896224870864,424.4991003259259,418.4254750382327,423.0501708984375,12512300,0.0,0.0,3.076399302545383,3.197664710537264
2024-04-10 00:00:00-04:00,418.99116993330387,420.81722505973426,416.5200457584293,420.0530700683594,16216600,0.0,0.0,2.902354339398414,3.1386026363094945
2024-04-11 00:00:00-04:00,422.5936541739285,426.1167444183971,419.15984809671994,424.6876525878906,17966400,0.0,0.0,3.1026293488681063,3.1314079788212172
2024-04-12 00:00:00-04:00,420.8370731015467,421.9585162359949,416.58950274190113,418.703369140625,19232100,0.0,0.0,2.7468036328716607,3.054487109631306
2024-04-15 00:00:00-04:00,423.36774724307367,423.5860815606245,410.2975202475589,410.5059509277344,20273500,0.0,0.0,1.7827950961439,2.8001487069338253
2024-04-16 00:00:00-04:00,411.4289086182102,415.2298762897989,410.59527673352017,411.4388122558594,16765600,0.0,0.0,1.0816172876048427,2.456442423068029
2024-04-17 00:00:00-04:00,414.0885872118868,415.70624190109544,407.22100522560083,408.7195739746094,15855500,0.0,0.0,0.3030160386770149,2.0257571461898265
2024-04-18 00:00:00-04:00,407.5187363707615,408.76919927263555,400.88935677884103,401.2069091796875,21029900,0.0,0.0,-0.9097532543932516,1.438655066073211
2024-04-19 00:00:00-04:00,400.9687488676842,402.4077746386735,394.7561698730406,396.095947265625,30276500,0.0,0.0,-2.2572731295229005,0.6994694269539885
2024-04-22 00:00:00-04:00,397.04865981007964,399.7976914523607,392.7514806878664,397.9219970703125,20286900,0.0,0.0,-3.141630618444026,-0.06875058212561447
2024-04-23 00:00:00-04:00,401.1771473553241,405.10716505974153,400.0060952402287,404.48193359375,15734500,0.0,0.0,-3.275401456971906,-0.7100807570948728
2024-04-24 00:00:00-04:00,406.45684392489727,409.3447990752087,403.6979086365787,405.96063232421875,15065300,0.0,0.0,-3.2249222840777634,-1.213049062491451
2024-04-25 00:00:00-04:00,391.04452101034235,396.8601368410158,385.08998167747234,396.0165710449219,40586500,0.0,0.0,-3.941880273075128,-1.7588153046081865
2024-04-26 00:00:00-04:00,409.04704475026614,409.87074260189837,402.68560900917737,403.2413635253906,29694700,0.0,0.0,-3.8823410606217976,-2.1835204558109087
2024-04-29 00:00:00-04:00,402.17947890315463,403.2413789354232,396.165397076456,399.20220947265625,19582100,0.0,0.0,-4.113662045833792,-2.5695487738154856
2024-04-30 00:00:00-04:00,398.44799719369325,399.112934090919,386.2213658866136,386.380126953125,28781400,0.0,0.0,-5.27086128599575,-3.1098112762515386
2024-05-01 00:00:00-04:00,389.63523841829954,398.67622906449674,387.3526772876393,391.9476013183594,23562500,0.0,0.0,-5.673303062844695,-3.6225096335701705
2024-05-02 00:00:00-04:00,394.6469936602289,396.8997833087663,391.6597902856064,394.82562255859375,17709400,0.0,0.0,-5.694367682945881,-4.036881243445313
2024-05-03 00:00:00-04:00,399.23197820235123,404.0650740320478,398.8151471589616,403.57879638671875,17446700,0.0,0.0,-4.94771934279936,-4.2190488633161225
2024-05-06 00:00:00-04:00,405.66292597330005,410.7937370714025,403.29101993493754,410.4067077636719,16996600,0.0,0.0,-3.761677492468266,-4.127574589146551
2024-05-07 00:00:00-04:00,411.5181933814727,411.52812730475875,405.9903890817075,406.2384948730469,20018200,0.0,0.0,-3.1220813161907017,-3.9264759345553815
2024-05-08 00:00:00-04:00,405.0774354797478,409.1066716925652,403.6284756420051,407.4294738769531,11792300,0.0,0.0,-2.490387054508517,-3.639258158546009
2024-05-09 00:00:00-04:00,407.45921271703617,409.59291660377954,406.00034935781423,409.1959533691406,14689700,0.0,0.0,-1.8261736756996356,-3.2766412619767347
2024-05-10 00:00:00-04:00,409.8112151541409,412.23273004632824,408.6798382335046,411.5975646972656,13402300,0.0,0.0,-1.093385951874211,-2.83999019995623
2024-05-13 00:00:00-04:00,414.84283115281045,415.18025140614657,407.7073059282806,410.5853271484375,15440200,0.0,0.0,-0.5875525715543404,-2.389502674275852
2024-05-14 00:00:00-04:00,408.8981987547859,414.3267549073316,408.43175863614476,413.40380859375,15109300,0.0,0.0,0.04028751489283877,-1.9035446364421138
2024-05-15 00:00:00-04:00,415.48172683662517,421.35753100749633,414.85536761085484,420.6317443847656,22239500,0.75,0.0,1.1083133720490537,-1.3011730347438804
2024-05-16 00:00:00-04:00,419.35914332573157,422.9582208339026,417.91755229509,418.5538330078125,17530100,0.0,0.0,1.7666961033170878,-0.6875992071316868
2024-05-17 00:00:00-04:00,420.09485405964773,420.4726599302369,415.6109428181483,417.7783203125,15352200,0.0,0.0,2.2005254800027956,-0.1099742697047903
2024-05-20 00:00:00-04:00,417.778343258253,424.30037978174784,417.55961512858175,422.878662109375,16272100,0.0,0.0,2.9222079500343625,0.49646217424304034
2024-05-21 00:00:00-04:00,424.36001790160714,430.46450167288947,422.39149513236316,426.5572509765625,21453300,0.0,0.0,3.7477758581248963,1.1467249110194115
2024-05-22 00:00:00-04:00,427.6012125858257,429.90779482091807,424.6583495892153,428.0287170410156,18073700,0.0,0.0,4.46926053361517,1.8112320355385634
2024-05-23 00:00:00-04:00,430.4645069803894,431.09086617504613,422.95820916796526,424.529052734375,17211700,0.0,0.0,4.704419060792986,2.389869440589448
2024-05-24 00:00:00-04:00,424.71796179341015,428.565562226306,421.95405016489985,427.6707763671875,11845800,0.0,0.0,5.085670287144808,2.92902960990052
2024-05-28 00:00:00-04:00,427.14385491376675,428.3269711402922,424.13138989907134,427.8298645019531,15718000,0.0,0.0,5.339105825240551,3.4110448529685264
2024-05-29 00:00:00-04:00,423.22665032702537,428.44627000677747,423.22665032702537,426.6865234375,15517100,0.0,0.0,5.3856152265814785,3.805958927691117
2024-05-30 00:00:00-04:00,421.84466424386284,421.84466424386284,411.84288150879064,412.2704162597656,28424800,0.0,0.0,4.210676831954402,3.8869025085437743
2024-05-31 00:00:00-04:00,414.3383733012913,414.3383733012913,402.1692127903504,412.7277526855469,47995300,0.0,0.0,3.2786388093663277,3.7652497687082853
2024-06-03 00:00:00-04:00,413.1254229827006,414.02020882309534,406.553688084388,411.1270446777344,17484700,0.0,0.0,2.38335437726397,3.4888706904194224
2024-06-04 00:00:00-04:00,410.04337212748766,414.03017705380546,407.30928563189894,413.6623229980469,14348900,0.0,0.0,1.8570043961572082,3.16249743156698
2024-06-05 00:00:00-04:00,415.39223173706347,421.6259378345122,413.89096003424896,421.5563659667969,16988000,0.0,0.0,2.053183714493457,2.940634688152276
2024-06-06 00:00:00-04:00,421.5563568996983,422.848821948627,418.14618249774657,422.0633850097656,14861300,0.0,0.0,2.223933318161869,2.7972944141541944
2024-06-07 00:00:00-04:00,423.73371564550735,423.81323935854607,420.55222098628695,421.3973083496094,13621700,0.0,0.0,2.2792332077681863,2.6936821728769926
2024-06-10 00:00:00-04:00,422.24237348386436,425.6027887352665,421.4370631899479,425.3940124511719,14003000,0.0,0.0,2.6154105629089486,2.678027850883384
2024-06-11 00:00:00-04:00,423.01786084549974,430.3153823959729,422.78918087724,430.1761779785156,14551100,0.0,0.0,3.2304754209650355,2.788517364899714
2024-06-12 00:00:00-04:00,432.8009161252906,440.8341457768561,430.7428874309175,438.5076904296875,22366200,0.0,0.0,4.340171383684037,3.0988481686565787
2024-06-13 00:00:00-04:00,438.2989324414096,440.8242426789463,436.8274858579273,439.0246887207031,15960600,0.0,0.0,5.20137268385912,3.519353071697087
2024-06-14 00:00:00-04:00,435.74378876375306,440.5756810111054,434.19281849694386,440.00897216796875,13582000,0.0,0.0,5.895346482537548,3.9945517538651796
2024-06-17 00:00:00-04:00,440.0288392462003,448.3305259626429,438.16966532085047,445.775390625,20790000,0.0,0.0,6.831873905623922,4.562016184216929
2024-06-18 00:00:00-04:00,447.10763493198164,447.53516969127554,442.3155500964385,443.75714111328125,17112500,0.0,0.0,7.32676438823961,5.114965825021465
2024-06-20 00:00:00-04:00,443.71738383441055,443.94606381625726,438.7164921470121,443.1208801269531,19877400,0.0,0.0,7.580247344220197,5.608022128861212
2024-06-21 00:00:00-04:00,444.79114029939626,447.97260457820744,443.9261796037789,447.17724609375,34486200,0.0,0.0,8.01604526612357,6.0896267563136846
2024-06-24 00:00:00-04:00,447.197116551364,450.13005783321864,443.82674934456685,445.0794677734375,15913700,0.0,0.0,8.098787301708114,6.4914588653925716
2024-06-25 00:00:00-04:00,445.65606632861267,448.80773551860256,444.1647465305247,448.3404541015625,16747500,0.0,0.0,8.331455471982792,6.859458186710616
2024-06-26 00:00:00-04:00,446.4017395883299,450.9751265075422,445.59642930053803,449.54345703125,16507000,0.0,0.0,8.514766033147623,7.190519755998018
2024-06-27 00:00:00-04:00,449.56332546408174,453.53025683427376,449.15569440393773,450.2294616699219,14806300,0.0,0.0,8.616075064687607,7.4756308177359365
2024-06-28 00:00:00-04:00,450.44819707911165,452.7448272217048,443.8267333016812,444.3636169433594,28362300,0.0,0.0,8.129328714462588,7.606370397081267
2024-07-01 00:00:00-04:00,446.06369781193524,454.7232862857242,443.08105821287796,454.0870056152344,17662800,0.0,0.0,8.430987750481904,7.771293867761394
2024-07-02 00:00:00-04:00,450.57745029839504,456.9304570935814,450.48794440717063,456.62225341796875,13979800,0.0,0.0,8.773492657547195,7.971733625718555
2024-07-03 00:00:00-04:00,455.5385808076234,458.3521910129211,455.23037712106725,458.1036376953125,9932800,0.0,0.0,9.060027240391662,8.189392348653177
2024-07-05 00:00:00-04:00,456.95033221316646,465.6397765538939,456.3140515175161,464.8543395996094,16000300,0.0,0.0,9.719789504326059,8.495471779787753
2024-07-08 00:00:00-04:00,463.8501958785038,464.99356542878803,461.77229375422786,463.5419921875,12962300,0.0,0.0,10.021241746564158,8.800625773143034
2024-07-09 00:00:00-04:00,464.29759021110544,464.6256672353131,455.3496709136752,456.8807678222656,17207200,0.0,0.0,9.611840371642984,8.962868692843024
2024-07-10 00:00:00-04:00,458.55104934272356,463.7607172108967,456.20469022907776,463.55194091796875,18196100,0.0,0.0,9.713721018622437,9.113039157998907
2024-07-11 00:00:00-04:00,460.3008712942663,462.0904430463112,448.93699054354346,452.06878662109375,23111200,0.0,0.0,8.766809262304434,9.043793178860014
2024-07-12 00:00:00-04:00,451.70090017355875,453.71915189160546,448.0422026334216,450.9254150390625,16324300,0.0,0.0,7.833811044829986,8.80179675205401
2024-07-15 00:00:00-04:00,450.67685394437046,454.6139602586164,448.8176800220224,451.3330383300781,14429400,0.0,0.0,7.046072293159398,8.450651860275087
2024-07-16 00:00:00-04:00,451.5915769633523,451.671100679191,444.0753266658107,446.91876220703125,17175700,0.0,0.0,5.996464950346422,7.9598144782893545
2024-07-17 00:00:00-04:00,440.0288496296795,442.2757813397234,436.63857872187197,440.9534606933594,21778000,0.0,0.0,4.629922723970992,7.293836127425683
2024-07-18 00:00:00-04:00,441.7687136228689,442.07691730431753,431.886231451246,437.8216857910156,20794800,0.0,0.0,3.2566791330457363,6.486404728549694
2024-07-19 00:00:00-04:00,430.59376141790096,438.58724438350157,429.5001207828966,434.5805358886719,20940400,0.0,0.0,1.8851096136660885,5.566145705572973
2024-07-22 00:00:00-04:00,439.23349185507885,442.0272287343498,436.37015276462773,440.3768310546875,15808800,0.0,0.0,1.2514178996045189,4.703200144379283
2024-07-23 00:00:00-04:00,441.33127259326983,445.7953108894537,440.53591409904936,442.2757873535156,13107100,0.0,0.0,0.8921583081567519,3.9409917771347764
2024-07-24 00:00:00-04:00,437.90124163761953,438.9252800797557,425.11564336198785,426.4180603027344,26805800,0.0,0.0,-0.6644837952695752,3.0198966626539065
2024-07-25 00:00:00-04:00,426.31863260886945,427.3128458662045,415.0939867790631,415.97882080078125,29943800,0.0,0.0,-2.7092625682491303,1.8740648164732994
2024-07-26 00:00:00-04:00,415.7799870015666,426.4379540941027,414.8553456338981,422.8090515136719,23583800,0.0,0.0,-3.7355607230509804,0.7521397085684435
2024-07-29 00:00:00-04:00,429.0825608465564,429.6492697069918,422.2423988579534,424.2606506347656,15125800,0.0,0.0,-4.3812729005088045,-0.27454281324700613
2024-07-30 00:00:00-04:00,425.2448982961915,426.5671885866718,414.9448331085773,420.4726867675781,32687600,0.0,0.0,-5.139417474526226,-1.2475177455028503
2024-07-31 00:00:00-04:00,418.0666600260145,419.3392517370681,409.82462391670987,415.9291076660156,42891400,0.0,0.0,-6.037287283074477,-2.2054716530171756
2024-08-01 00:00:00-04:00,418.3549862264431,424.98637136355273,410.6995323530128,414.6962585449219,30296400,0.0,0.0,-6.77029247854199,-3.1184358181221388
2024-08-02 00:00:00-04:00,410.1030126570464,412.59849761680636,402.0001807599968,406.12615966796875,29437900,0.0,0.0,-7.951084579379881,-4.084965570373687
2024-08-05 00:00:00-04:00,386.91799678720787,398.7193036046689,383.34874440032485,392.8633728027344,40709200,0.0,0.0,-9.843596037042118,-5.236691663707374
2024-08-06 00:00:00-04:00,397.6853041219084,403.3225066578681,396.1939842314513,397.29754638671875,24946500,0.0,0.0,-10.860431952590147,-6.361439721483929
2024-08-07 00:00:00-04:00,406.27532907710327,407.70696828580475,395.1699533956427,396.1243896484375,20650900,0.0,0.0,-11.626917814804528,-7.41453534014805
2024-08-08 00:00:00-04:00,400.1111573966137,403.51134950514665,397.6256244291568,400.3597106933594,20203000,0.0,0.0,-11.757080070052211,-8.283044286128883
2024-08-09 00:00:00-04:00,401.6919660750819,405.68869229684987,399.93221959838144,403.6704406738281,19276700,0.0,0.0,-11.460971410393483,-8.918629710981804
2024-08-12 00:00:00-04:00,404.7044554196647,406.39463013243375,401.9007666876047,404.4559020996094,16762900,0.0,0.0,-11.035710193955879,-9.34204580757662
2024-08-13 00:00:00-04:00,407.21979148714996,412.5487901543895,407.19991814538804,411.6142272949219,19414300,0.0,0.0,-10.005730761577183,-9.474782798376733
2024-08-14 00:00:00-04:00,412.3996465083127,415.30276256625774,410.0632696291805,414.4477233886719,18267000,0.0,0.0,-8.858707520621522,-9.35156774282569
2024-08-15 00:00:00-04:00,418.1229861127925,419.42775054091777,415.991550712489,419.34808349609375,20752100,0.75,0.0,-7.468176738988689,-8.97488954205829
2024-08-16 00:00:00-04:00,418.919805326896,419.6568394696199,415.6329698343419,416.7983093261719,22775600,0.0,0.0,-6.497022906660561,-8.479316214978745
2024-08-19 00:00:00-04:00,417.28632868553893,420.0651916950313,414.79631569386714,419.8460693359375,15234000,0.0,0.0,-5.4189810952921675,-7.867249191041429
2024-08-20 00:00:00-04:00,420.015435317403,424.15879050030776,419.9556774327427,423.10302734375,16387600,0.0,0.0,-4.252792358180386,-7.144357824469221
2024-08-21 00:00:00-04:00,422.38589043229285,424.69662989295495,420.03533264675815,422.4456787109375,16067300,0.0,0.0,-3.343084921087211,-6.38410324379282
2024-08-22 00:00:00-04:00,422.66475709775676,425.0850728631847,412.95370628251766,413.88995361328125,19361900,0.0,0.0,-3.2747613252165024,-5.762234860077557
2024-08-23 00:00:00-04:00,415.3142739439322,417.58516466451346,410.44379375355777,415.1250305175781,18493800,0.0,0.0,-3.0853875716963444,-5.226865402401315
2024-08-26 00:00:00-04:00,414.70672647734364,415.6130949578331,409.6968209788455,411.8382263183594,13152800,0.0,0.0,-3.1640519166344347,-4.814302705247939
2024-08-27 00:00:00-04:00,411.2107324794244,412.7047404254691,408.61117324322794,412.18682861328125,13492900,0.0,0.0,-3.1618172241376215,-4.483805609025875
2024-08-28 00:00:00-04:00,413.22264841837114,413.3421641808517,405.6828816466664,408.9597473144531,14882700,0.0,0.0,-3.3814652783656243,-4.263337542893825
2024-08-29 00:00:00-04:00,413.2824329478728,420.3640158924635,408.95977368399144,411.4696960449219,17045200,0.0,0.0,-3.3147951625425094,-4.073629066823562
2024-08-30 00:00:00-04:00,413.93977626013776,415.822210323597,410.48363692465733,415.4736328125,24308300,0.0,0.0,-2.9053829346402154,-3.839979840386893
2024-09-03 00:00:00-04:00,416.2405478075573,418.20267931936957,405.4040060811421,407.80438232421875,20313600,0.0,0.0,-3.163300653330225,-3.70464400297556
2024-09-04 00:00:00-04:00,404.2884945573242,409.5971891641853,402.7546379619835,407.26654052734375,15135800,0.0,0.0,-3.3722286884838013,-3.638160940077208
2024-09-05 00:00:00-04:00,405.9916624475026,411.4497822581618,404.50762432491115,406.75860595703125,14195500,0.0,0.0,-3.5380077850139173,-3.6181303090645502
2024-09-06 00:00:00-04:00,407.42592125419515,409.00956601687597,399.1989078370585,400.0953369140625,19609500,0.0,0.0,-4.1591153451530545,-3.7263273162822514
2024-09-09 00:00:00-04:00,405.6131601713445,407.01753119323797,400.5434971977151,404.0992431640625,15295100,0.0,0.0,-4.2789408228102275,-3.836850017587847
2024-09-10 00:00:00-04:00,406.56934824108026,414.66684525245614,406.0713456246143,412.5453796386719,19594300,0.0,0.0,-3.6502924517999986,-3.7995385044302776
2024-09-11 00:00:00-04:00,413.84017908445105,422.29625388353406,407.9438146629927,421.3500671386719,19266900,0.0,0.0,-2.41379466879431,-3.522389737303084
2024-09-12 00:00:00-04:00,421.6189886086143,425.6627675750461,418.07321227741465,425.29425048828125,17418800,0.0,0.0,-1.1028852591338705,-3.0384888416692415
2024-09-13 00:00:00-04:00,424.12887859450143,430.1049097614262,423.7603615358477,428.869873046875,15874600,0.0,0.0,0.22198385862623127,-2.386394301610147
2024-09-16 00:00:00-04:00,428.879848197679,431.79813615912246,426.50935094179886,429.61688232421875,13834700,0.0,0.0,1.317047481746215,-1.645705944938875
2024-09-17 00:00:00-04:00,438.47140586333086,440.08492951868885,430.5431821213062,433.41168212890625,18874200,0.0,0.0,2.4627132964535576,-0.8240220966603884
2024-09-18 00:00:00-04:00,433.2622842089649,434.28816840172493,428.6906237541022,429.0890197753906,18898000,0.0,0.0,2.9874218433488977,-0.061733308658531105
2024-09-19 00:00:00-04:00,439.4673922763036,439.73630274210893,435.15467267064554,436.9375305175781,21706600,0.0,0.0,3.990565614870434,0.7487264760472618
2024-09-20 00:00:00-04:00,435.47341133704515,437.4853309751932,432.4853956233,433.53118896484375,55167100,0.0,0.0,4.459296985902938,1.490840578018397
2024-09-23 00:00:00-04:00,432.5451724016005,434.7164566201473,428.6707276626035,431.77825927734375,15128900,0.0,0.0,4.635883617926595,2.119849186000037
2024-09-24 00:00:00-04:00,431.2702529601879,431.6188608604207,424.3978231376462,427.45556640625,17015800,0.0,0.0,4.376574184719175,2.571194185743865
2024-09-25 00:00:00-04:00,428.11292879639643,431.38979462226376,426.8579828341436,430.3838195800781,13396400,0.0,0.0,4.357128879865229,2.928381124568138
2024-09-26 00:00:00-04:00,433.3519041012862,433.5610566850483,427.41572154773536,429.5870056152344,14492000,0.0,0.0,4.22867655687395,3.1884402110293
2024-09-27 00:00:00-04:00,429.7961684722898,430.1248672217253,425.762359424982,426.3101501464844,14896100,0.0,0.0,3.8184456503922206,3.3144412989018845
2024-09-30 00:00:00-04:00,426.49937695538483,428.70057032593814,423.67072584299484,428.5810241699219,16807300,0.0,0.0,3.634676963133529,3.3784884317482136
2024-10-01 00:00:00-04:00,426.73844000863045,426.7683189487975,417.13693529272734,419.0094299316406,19092900,0.0,0.0,2.6857318476904197,3.239937114936655
2024-10-02 00:00:00-04:00,420.89189457845896,421.1309565128566,415.0453484935869,415.46368408203125,16582300,0.0,0.0,1.6287981783836472,2.9177093276260537
2024-10-03 00:00:00-04:00,415.9616796785687,417.8739927473743,412.63502577299244,414.87603759765625,13686400,0.0,0.0,0.7352766589095836,2.48122279388276
2024-10-04 00:00:00-04:00,416.5692334072243,418.07321108796054,413.3123071245128,414.39794921875,19169700,0.0,0.0,-0.01129313909729035,1.98271960728675
2024-10-07 00:00:00-04:00,414.3382079936023,415.4437592952022,407.3661708398638,407.9040222167969,20919800,0.0,0.0,-1.114117862602086,1.3633521133089828
2024-10-08 00:00:00-04:00,409.25856700863125,413.99956190900485,406.5394920239681,413.0533447265625,19229300,0.0,0.0,-1.5546856610065447,0.7797445584458773
2024-10-09 00:00:00-04:00,414.19871346026423,418.70067647812056,412.6449477589923,415.7923278808594,14974300,0.0,0.0,-1.6636482638466532,0.2910659939873712
2024-10-10 00:00:00-04:00,413.5712539026246,415.68278008253634,411.4995460461954,414.1788024902344,13848400,0.0,0.0,-1.8587731460778514,-0.1389018340256733
2024-10-11 00:00:00-04:00,414.4776477330423,415.46368322393135,411.59917791222887,414.65692138671875,14144900,0.0,0.0,-1.9523256273533889,-0.5015865926912164
2024-10-14 00:00:00-04:00,416.1010845405741,422.34605664401147,415.8520832387316,417.46563720703125,16653100,0.0,0.0,-1.7793159033437291,-0.757132454821719
2024-10-15 00:00:00-04:00,420.4934907291295,420.7923105426525,413.60115139482065,417.0672302246094,18900200,0.0,0.0,-1.6552716235482308,-0.9367602885670214
2024-10-16 00:00:00-04:00,413.51151588006746,414.6967341717602,408.84024879356656,414.45770263671875,15508900,0.0,0.0,-1.7473898828729375,-1.0988862074282046
2024-10-17 00:00:00-04:00,420.6727824355961,420.81223776702603,413.92983752079977,415.0553283691406,14820000,0.0,0.0,-1.7519751856506787,-1.2295040030726994
2024-10-18 00:00:00-04:00,415.4736181228242,417.97357047210465,414.59712869532103,416.4895324707031,17145300,0.0,0.0,-1.621192686156519,-1.3078417396894633
2024-10-21 00:00:00-04:00,414.457708513249,417.2863598354636,412.09718088424023,417.1070861816406,14206100,0.0,0.0,-1.4509890906813894,-1.3364712098878486
2024-10-22 00:00:00-04:00,416.8182287379404,428.85992860317606,416.3700446113444,425.8022155761719,25482200,0.0,0.0,-0.6074746514641447,-1.190671898203108
2024-10-23 00:00:00-04:00,429.13881136450993,429.3579337373482,420.8421009299413,422.9038391113281,19654400,0.0,0.0,-0.17088824583737505,-0.9867151677299614
2024-10-24 00:00:00-04:00,423.6308734743349,424.2783011634291,420.71258556682636,423.0332946777344,13581600,0.0,0.0,0.18344101453322992,-0.7526839312773231
2024-10-25 00:00:00-04:00,425.0552047565001,430.79217425375066,424.8659613297776,426.43963623046875,16899100,0.0,0.0,0.7306898635940797,-0.45600917230304255
2024-10-28 00:00:00-04:00,429.93564891158985,430.21452917811945,424.59704472930554,424.8858947753906,14882400,0.0,0.0,1.0271739470560988,-0.15937254843121432
2024-10-29 00:00:00-04:00,426.29025434116863,431.43961494644003,424.09903059516625,430.2244873046875,17644100,0.0,0.0,1.6736269897459124,0.20722735920421104
2024-10-30 00:00:00-04:00,435.69254402246366,436.7483071680008,430.3738795735308,430.8021545410156,29749100,0.0,0.0,2.207116338457922,0.6072051550549533
2024-10-31 00:00:00-04:00,413.70073237613923,414.4975548257246,404.67692710480617,404.72674560546875,53971000,0.0,0.0,0.5198503992746168,0.5897342038988861
2024-11-01 00:00:00-04:00,407.3760993641267,413.8401634297127,405.87212177522963,408.73065185546875,24230400,0.0,0.0,-0.4886058966584983,0.37406618378740925
2024-11-04 00:00:00-05:00,408.1629209153218,408.78046967487955,403.9498383507318,406.8282775878906,19672300,0.0,0.0,-1.4248951766788878,0.014273911694149821
2024-11-05 00:00:00-05:00,406.73866209939297,413.24257521436044,406.4498120639611,409.8163146972656,17626000,0.0,0.0,-1.9038550975802195,-0.36935189016072406
2024-11-06 00:00:00-05:00,410.77248502778195,418.77040570560524,408.8800507986786,418.50146484375,26681800,0.0,0.0,-1.564579752155737,-0.6083974625597266
2024-11-07 00:00:00-05:00,419.5971138468432,425.1448706929316,418.2027124984046,423.73052978515625,19901800,0.0,0.0,-0.8638023807605464,-0.6594784461998906
2024-11-08 00:00:00-05:00,423.6209440547306,424.7962229099081,420.095077093531,420.85205078125,16891400,0.0,0.0,-0.5345386356113409,-0.6344904840821807
2024-11-11 00:00:00-05:00,420.83211176857736,423.11297221775334,414.3381687204943,416.34014892578125,24503300,0.0,0.0,-0.6304006512656315,-0.6336725175188709
2024-11-12 00:00:00-05:00,416.57918414479684,422.744458901271,415.533390819855,421.340087890625,19401200,0.0,0.0,-0.29946663612099655,-0.566831341239296
2024-11-13 00:00:00-05:00,419.9556884147255,427.61494119189337,416.5393671420712,423.50146484375,21502200,0.0,0.0,0.1356424105933911,-0.4263365908727586
2024-11-14 00:00:00-05:00,423.30222788535474,426.4595778768523,418.3222016749388,425.1846923828125,30246900,0.0,0.0,0.6092685909291049,-0.21921555451238595
2024-11-15 00:00:00-05:00,418.14294637599176,421.1110226744225,411.98764100476023,413.3421936035156,28247600,0.0,0.0,0.0286992445139731,-0.16963259470711417
2024-11-18 00:00:00-05:00,413.21269235073834,416.72858966014985,410.45376875637714,414.0991516113281,24742000,0.0,0.0,-0.3661057213648746,-0.20892722003866626
2024-11-19 00:00:00-05:00,411.45973532284427,416.270457948444,409.90596948487496,416.1210632324219,18133500,0.0,0.0,-0.5099616112241279,-0.2691340982757586
2024-11-20 00:00:00-05:00,415.2046922657536,415.62302783332285,408.93981090505724,413.8302001953125,19191700,0.0,0.0,-0.7996045978493953,-0.37522819819048603
2024-11-21 00:00:00-05:00,418.6605301722443,418.9399686403921,409.4689690149979,412.0437927246094,20780200,0.83,0.0,-1.1599259998728257,-0.532167758526954
2024-11-22 00:00:00-05:00,410.5467888521348,416.56472079906104,410.2374116400306,416.16552734375,24814600,0.0,0.0,-1.100211219875689,-0.645776450796701
2024-11-25 00:00:00-05:00,417.54278213072394,420.23736087052777,414.0198472532827,417.95196533203125,27691100,0.0,0.0,-0.8983802425236149,-0.6962972091420838
2024-11-26 00:00:00-05:00,418.75036014607525,428.18146205416855,418.01185069672323,427.133544921875,23458900,0.0,0.0,0.002421091543453713,-0.5565535490049763
2024-11-27 00:00:00-05:00,424.2593075311874,426.37509083138485,421.17549451394376,422.1435546875,18332400,0.0,0.0,0.3100876326823254,-0.383225312667516
2024-11-29 00:00:00-05:00,419.24935840992123,424.0297817162198,416.9639323784013,422.61260986328125,16271900,0.0,0.0,0.5850206617545837,-0.18957611778309613
2024-12-02 00:00:00-05:00,420.72641076442574,432.13353107658475,420.4669212999132,430.1175842285156,20207200,0.0,0.0,1.3924445437330064,0.1268280145201244
2024-12-03 00:00:00-05:00,428.9798333762607,431.60457529422956,426.88402964452257,430.3371276855469,18302000,0.0,0.0,2.0266867265421524,0.50679975692453
2024-12-04 00:00:00-05:00,432.1634480898198,438.79017518476684,431.7642546343851,436.544677734375,26009400,0.0,0.0,2.995693150284467,1.0045784355965175
2024-12-05 00:00:00-05:00,437.0436765362191,443.770179142923,435.2971785217715,441.7342529296875,21697800,0.0,0.0,4.13473047050303,1.63060884257782
2024-12-06 00:00:00-05:00,441.4148949698492,445.2073090094776,440.88595677867977,442.682373046875,18821000,0.0,0.0,5.055652705429964,2.315617615148249
2024-12-09 00:00:00-05:00,441.7143023543043,447.4328163406456,439.6184986530788,445.12744140625,19144400,0.0,0.0,5.914606887326499,3.0354154695838993
2024-12-10 00:00:00-05:00,443.500747434082,448.7202622082635,440.71632196493806,442.4428405761719,18469500,0.0,0.0,6.306017568893594,3.689535889445839
2024-12-11 00:00:00-05:00,443.1614051498909,449.4488165759074,443.1614051498909,448.0915222167969,19200200,0.0,0.0,6.991421993659628,4.349913110288597
2024-12-12 00:00:00-05:00,448.2112581986308,455.24716851093444,448.2112581986308,448.6603698730469,20834800,0.0,0.0,7.494123598249416,4.978755207880761
2024-12-13 00:00:00-05:00,447.5426110314286,450.5266178755225,444.6883184556146,446.37493896484375,20177800,0.0,0.0,7.620261437108468,5.507056453726303
2024-12-16 00:00:00-05:00,446.37494735046533,451.27512549789225,444.38893932865295,450.6863098144531,23598800,0.0,0.0,7.976173812398599,6.0008799254607625
2024-12-17 00:00:00-05:00,450.10748972576295,454.3789237624039,448.67036888572403,453.5505676269531,22733500,0.0,0.0,8.392613774521692,6.479226695272948
2024-12-18 00:00:00-05:00,450.4168569277278,451.7441820228141,436.1454548251872,436.5147399902344,24444500,0.0,0.0,7.2642586766801855,6.636233091554396
2024-12-19 00:00:00-05:00,440.73626782337294,442.29314366547726,435.4468858542376,436.15545654296875,22963700,0.0,0.0,6.268775419880853,6.562741557219688
2024-12-20 00:00:00-05:00,432.2432815476765,442.85201454579715,427.7722660445124,435.726318359375,64263700,0.0,0.0,5.383166113784114,6.326826468532574
2024-12-23 00:00:00-05:00,435.86603695951885,436.7742196281346,431.96385754199804,434.3790283203125,19152500,0.0,0.0,4.520489917984946,5.96555915842305
2024-12-24 00:00:00-05:00,433.7802087154167,438.7203153724094,433.32113775673025,438.4508361816406,7164500,0.0,0.0,4.117905036504908,5.5960283340394215
2024-12-26 00:00:00-05:00,438.20133650274425,440.0576302640168,435.7562575113133,437.2332763671875,8194200,0.0,0.0,3.6584345597021866,5.208509579171975
2024-12-27 00:00:00-05:00,433.73031978660106,434.3490742197977,425.49682901810996,429.66845703125,18117700,0.0,0.0,2.653297634443561,4.697467190226292
2024-12-30 00:00:00-05:00,425.2074080072107,426.6944166190143,421.05572893712207,423.9798583984375,13158700,0.0,0.0,1.3817688404188857,4.034327520264811
2024-12-31 00:00:00-05:00,425.24732556190753,425.8760697244736,419.81820926028456,420.6565246582031,13246500,0.0,0.0,0.10470092462117009,3.248402201136083
2025-01-02 00:00:00-05:00,424.67847521686525,425.2174031564215,414.01985416103116,417.74237060546875,16896500,0.0,0.0,-1.1295121637533043,2.3728193281582057
2025-01-03 00:00:00-05:00,420.2373611517797,423.1814700735548,418.7004647827294,422.5028381347656,16662900,0.0,0.0,-1.7038639011540226,1.5574826822957601
2025-01-06 00:00:00-05:00,427.1435291929144,433.450889550372,424.6285829292995,426.99383544921875,20573600,0.0,0.0,-1.7761811301451758,0.890749919807573
2025-01-07 00:00:00-05:00,428.1415176926379,429.7882097463078,419.957914728963,421.5247802734375,18139100,0.0,0.0,-2.248876453147659,0.2628246452165266
2025-01-08 00:00:00-05:00,422.61261379874435,426.11559975123726,420.69647292951623,423.7104187011719,15054600,0.0,0.0,-2.419240646983951,-0.27358841322356897
2025-01-10 00:00:00-05:00,423.7802594986814,423.86008600637365,414.1894746460312,418.11163330078125,20201100,0.0,0.0,-2.971773928830089,-0.8132255163448731
2025-01-13 00:00:00-05:00,414.4090535363967,417.66253969684465,411.4649750549722,416.35516357421875,17604800,0.0,0.0,-3.51092124830609,-1.3527646627371166
2025-01-14 00:00:00-05:00,416.9739281792526,418.9000587938386,409.89811945983064,414.8382263183594,16935900,0.0,0.0,-4.01432885806895,-1.8850775018034835
2025-01-15 00:00:00-05:00,418.29128437786517,427.29322350331137,417.4329894853562,425.4569091796875,19637800,0.0,0.0,-3.5159147758333233,-2.211244956609452
2025-01-16 00:00:00-05:00,427.84212760615685,428.6305247845027,423.5407549144398,423.7303466796875,15300000,0.0,0.0,-3.2230834888870845,-2.4136126630649786
2025-01-17 00:00:00-05:00,433.22135040368397,433.61058460419247,427.31321381371214,428.1714782714844,26197500,0.0,0.0,-2.6026486671319162,-2.451419863878366
2025-01-21 00:00:00-05:00,429.33912735658424,430.03770829379437,424.7483264493822,427.64251708984375,26085700,0.0,0.0,-2.1290895287693274,-2.3869537968565586
2025-01-22 00:00:00-05:00,436.68440364505375,446.37496460039233,435.1275277712005,445.30712890625,27803800,0.0,0.0,-0.3246614603244211,-1.9744953295501313
2025-01-23 00:00:00-05:00,441.1155043659929,445.85599903960934,440.61650492666485,445.8160705566406,18389300,0.0,0.0,1.1333634139621154,-1.352923580847682
2025-01-24 00:00:00-05:00,444.2691915941594,445.7562002010948,440.5167060042179,443.17138671875,15549500,0.0,0.0,2.0518028422014822,-0.6719782962378493
2025-01-27 00:00:00-05:00,423.16152296669173,434.32913308449037,422.6525337820519,433.6903991699219,35647800,0.0,0.0,1.9916774291809816,-0.1392471511540832
2025-01-28 00:00:00-05:00,433.73032267022137,447.4827461239755,430.51676503368185,446.30511474609375,23491700,0.0,0.0,2.9281755426724203,0.47423738761121753
2025-01-29 00:00:00-05:00,445.79611510422404,445.98573732495043,439.51869372032735,441.44482421875,23581400,0.0,0.0,3.2408141303471325,1.0275527361584005
2025-01-30 00:00:00-05:00,417.9319804505241,422.0137922192137,412.33322134699057,414.1595458984375,54586300,0.0,0.0,1.2722231392371555,1.0764868167741515
2025-01-31 00:00:00-05:00,418.141600337115,419.84816997012905,414.0797374049759,414.22943115234375,34223400,0.0,0.0,-0.2790436072095872,0.8053807319774038
2025-02-03 00:00:00-05:00,410.7763492208031,414.57872255523336,407.8422300476431,410.09771728515625,25679100,0.0,0.0,-1.8208389608428206,0.2801367934133589
2025-02-04 00:00:00-05:00,411.86416676091864,413.09171636714575,408.9200578355856,411.5447998046875,20532100,0.0,0.0,-2.8926111997570274,-0.3544128052207184
2025-02-05 00:00:00-05:00,411.5248607564065,413.0018796658512,409.5787506797878,412.4629821777344,16316700,0.0,0.0,-3.6261092466433524,-1.0087520935052452
2025-02-06 00:00:00-05:00,413.1715497090401,417.36315732347487,413.1715497090401,414.9879150390625,16309800,0.0,0.0,-3.9580448756746023,-1.5986106499391166
2025-02-07 00:00:00-05:00,415.6465973451397,417.8122379259866,407.2833615993766,408.9300537109375,22886800,0.0,0.0,-4.6562506752996455,-2.2101386550112228
2025-02-10 00:00:00-05:00,412.8821197108573,414.62861779989964,410.0977246861568,411.3951110839844,20817900,0.0,0.0,-4.953572572024427,-2.7588254384138637
2025-02-11 00:00:00-05:00,408.8202828688126,411.6645553606299,408.48093644203584,410.6166687011719,18140600,0.0,0.0,-5.1921640763832215,-3.2454931660077353
2025-02-12 00:00:00-05:00,406.3951110778186,409.92803560329327,403.56079794352274,408.2214660644531,19121700,0.0,0.0,-5.510995077013604,-3.698593548208909
2025-02-13 00:00:00-05:00,406.185550721702,410.17754630619044,405.54681680905935,409.7184753417969,23891700,0.0,0.0,-5.578568538836066,-4.074588546334341
2025-02-14 00:00:00-05:00,406.9739674594389,408.0917213200678,405.06778596420224,407.6126708984375,22758500,0.0,0.0,-5.735921679177636,-4.4068551729030006
2025-02-18 00:00:00-05:00,407.18354917543536,409.7783523938356,405.6865508328786,408.8202819824219,21423100,0.0,0.0,-5.697503777541385,-4.6649848938306775
2025-02-19 00:00:00-05:00,407.06380569744374,414.6585628844229,406.8342549807474,413.94000244140625,24114200,0.0,0.0,-5.194064715114848,-4.770800858087512
2025-02-20 00:00:00-05:00,415.2900085449219,419.30999755859375,412.5400085449219,416.1300048828125,23508700,0.83,0.0,-4.565739731105907,-4.729788632691191
2025-02-21 00:00:00-05:00,417.3399963378906,418.04998779296875,407.8900146484375,408.2099914550781,27524800,0.0,0.0,-4.653227042928336,-4.71447631473862
2025-02-24 00:00:00-05:00,408.510009765625,409.3699951171875,399.32000732421875,404.0,26443700,0.0,0.0,-5.004582778887425,-4.772497607568381
2025-02-25 00:00:00-05:00,401.1000061035156,401.9200134277344,396.70001220703125,397.8999938964844,29387400,0.0,0.0,-5.709439380516017,-4.959885962157909
2025-02-26 00:00:00-05:00,398.010009765625,403.6000061035156,394.25,399.7300109863281,19619000,0.0,0.0,-6.050628353194611,-5.178034440365249
2025-02-27 00:00:00-05:00,401.2699890136719,405.739990234375,392.1700134277344,392.5299987792969,21065800,0.0,0.0,-6.823348569350458,-5.507097266162292
